SOLAR_DATE,EMM00588704,EMM00166462,EMM00166466,EMM00166469,EMM01276014,EMM00000024,EMG00001306,EMG00001308,EMG00001310,EMG00001312,EMG01339436,EMG00159635,date,bond_yield
2024-09-05 00:00:00,1.4517,1.7761,2.1338,2.3125,0.6821,,3.75,3.54,3.73,4.02,-0.02,,2024-09-05,0.021338
2024-09-06 00:00:00,1.4425,1.779,2.1388,2.309,0.6963,,3.66,3.5,3.72,4.03,0.06,,2024-09-06,0.021387999999999997
2024-09-09 00:00:00,1.4234,1.77,2.1267,2.29,0.7033,,3.68,3.49,3.7,4.0,0.02,,2024-09-09,0.021267
2024-09-10 00:00:00,1.3868,1.7497,2.1143,2.267,0.7275,,3.59,3.43,3.65,3.97,0.06,,2024-09-10,0.021143000000000002
2024-09-11 00:00:00,1.3325,1.7175,2.1044,2.263,0.7719,,3.62,3.45,3.65,3.96,0.03,,2024-09-11,0.021044
2024-09-12 00:00:00,1.347,1.7232,2.0998,2.2471,0.7528,,3.64,3.47,3.68,4.0,0.04,,2024-09-12,0.020998000000000003
2024-09-13 00:00:00,1.35,1.7205,2.0724,2.2176,0.7224,,3.57,3.43,3.66,3.98,0.09,,2024-09-13,0.020724
2024-09-14 00:00:00,1.334,1.7009,2.0425,2.183,0.7085,,,,,,,,2024-09-14,0.020425
2024-09-18 00:00:00,1.359,1.7217,2.0403,2.165,0.6813,,3.61,3.47,3.7,4.03,0.09,,2024-09-18,0.020402999999999998
2024-09-19 00:00:00,1.394,1.7411,2.045,2.17,0.651,,3.59,3.49,3.73,4.06,0.14,,2024-09-19,0.02045
2024-09-20 00:00:00,1.3814,1.7281,2.0431,2.15,0.6617,,3.55,3.48,3.73,4.07,0.18,,2024-09-20,0.020430999999999998
2024-09-23 00:00:00,1.389,1.7314,2.0381,2.14,0.6491,,3.57,3.51,3.75,4.09,0.18,,2024-09-23,0.020381
2024-09-24 00:00:00,1.419,1.7521,2.0728,2.19,0.6538,,3.49,3.47,3.74,4.09,0.25,,2024-09-24,0.020728
2024-09-25 00:00:00,1.369,1.6995,2.0437,2.155,0.6747,,3.53,3.52,3.79,4.14,0.26,,2024-09-25,0.020436999999999997
2024-09-26 00:00:00,1.389,1.7316,2.0787,2.22,0.6897,,3.6,3.55,3.79,4.12,0.19,,2024-09-26,0.020787
2024-09-27 00:00:00,1.439,1.8312,2.1714,2.3475,0.7324,,3.55,3.5,3.75,4.1,0.2,,2024-09-27,0.021714
2024-09-29 00:00:00,1.489,1.9312,2.2534,2.435,0.7644,,,,,,,,2024-09-29,0.022534000000000002
2024-09-30 00:00:00,1.459,1.8388,2.1518,2.355,0.6928,,3.66,3.58,3.81,4.14,0.15,,2024-09-30,0.021518000000000002
2024-10-08 00:00:00,1.519,1.9106,2.1928,2.38,0.6738,,3.98,3.86,4.04,4.32,0.06,,2024-10-08,0.021928
2024-10-09 00:00:00,1.567,1.8886,2.176,2.3576,0.609,,3.99,3.91,4.06,4.34,0.07,,2024-10-09,0.02176
2024-10-10 00:00:00,1.5806,1.8326,2.1441,2.29,0.5635,,3.98,3.91,4.09,4.38,0.11,,2024-10-10,0.021440999999999998
2024-10-11 00:00:00,1.56,1.8171,2.1392,2.3,0.5792,,3.95,3.88,4.08,4.39,0.13,,2024-10-11,0.021392
2024-10-12 00:00:00,1.555,1.8122,2.1441,2.3,0.5891,,,,,,,,2024-10-12,0.021440999999999998
2024-10-14 00:00:00,1.5556,1.819,2.1368,2.3126,0.5812,,,,,,,,2024-10-14,0.021368
2024-10-15 00:00:00,1.5557,1.8065,2.1254,2.3125,0.5697,,3.95,3.86,4.03,4.32,0.08,,2024-10-15,0.021254
2024-10-16 00:00:00,1.5455,1.8215,2.1331,2.328,0.5876,,3.93,3.84,4.02,4.3,0.09,,2024-10-16,0.021331000000000003
2024-10-17 00:00:00,1.4838,1.7805,2.1084,2.295,0.6246,,3.96,3.9,4.09,4.39,0.13,,2024-10-17,0.021084000000000002
2024-10-18 00:00:00,1.5048,1.7882,2.1209,2.305,0.6161,,3.95,3.88,4.08,4.38,0.13,,2024-10-18,0.021209
2024-10-21 00:00:00,1.5267,1.7938,2.1211,2.3075,0.5944,,4.02,3.98,4.19,4.49,0.17,,2024-10-21,0.021211
2024-10-22 00:00:00,1.5538,1.8316,2.1458,2.34,0.592,,4.03,4.0,4.2,4.49,0.17,,2024-10-22,0.021457999999999998
2024-10-23 00:00:00,1.5708,1.8443,2.1559,2.355,0.5851,,4.07,4.05,4.24,4.51,0.17,,2024-10-23,0.021559
2024-10-24 00:00:00,1.5603,1.8521,2.1661,2.355,0.6058,,4.07,4.03,4.21,4.47,0.14,,2024-10-24,0.021661
2024-10-25 00:00:00,1.4975,1.8428,2.1539,2.36,0.6564,,4.11,4.07,4.25,4.51,0.14,,2024-10-25,0.021539000000000003
2024-10-28 00:00:00,1.5042,1.8336,2.1617,2.38,0.6575,,4.12,4.11,4.28,4.53,0.16,,2024-10-28,0.021617
2024-10-29 00:00:00,1.4898,1.8291,2.1598,2.366,0.67,,4.11,4.11,4.28,4.52,0.17,,2024-10-29,0.021598000000000003
2024-10-30 00:00:00,1.4731,1.822,2.1597,2.36,0.6866,,4.15,4.14,4.29,4.49,0.14,,2024-10-30,0.021596999999999998
2024-10-31 00:00:00,1.4482,1.7947,2.1476,2.335,0.6994,,4.16,4.15,4.28,4.47,0.12,,2024-10-31,0.021476000000000002
2024-11-01 00:00:00,1.4338,1.7674,2.1406,2.3175,0.7068,,4.21,4.22,4.37,4.57,0.16,,2024-11-01,0.021406
2024-11-04 00:00:00,1.4297,1.7786,2.1275,2.305,0.6978,,4.17,4.17,4.31,4.5,0.14,,2024-11-04,0.021275
2024-11-05 00:00:00,1.4396,1.7691,2.1106,2.2825,0.671,,4.19,4.16,4.26,4.44,0.07,,2024-11-05,0.021106
2024-11-06 00:00:00,1.439,1.7748,2.1234,2.29,0.6844,,4.27,4.27,4.42,4.6,0.15,,2024-11-06,0.021234000000000003
2024-11-07 00:00:00,1.4228,1.7552,2.1115,2.28,0.6887,,4.21,4.17,4.31,4.52,0.1,,2024-11-07,0.021115
2024-11-08 00:00:00,1.4175,1.7427,2.1067,2.2775,0.6892,,4.26,4.2,4.3,4.47,0.04,,2024-11-08,0.021067
2024-11-11 00:00:00,1.4131,1.7409,2.092,2.2575,0.6789,,,,,,,,2024-11-11,0.02092
2024-11-12 00:00:00,1.4081,1.713,2.0729,2.236,0.6648,,4.34,4.32,4.43,4.58,0.09,,2024-11-12,0.020729
2024-11-13 00:00:00,1.4209,1.7186,2.0876,2.26,0.6667,,4.27,4.3,4.44,4.63,0.17,,2024-11-13,0.020876000000000002
2024-11-14 00:00:00,1.4146,1.7065,2.0808,2.261,0.6662,,4.34,4.32,4.43,4.58,0.09,,2024-11-14,0.020808
2024-11-15 00:00:00,1.4034,1.7099,2.0948,2.2825,0.6914,,4.31,4.3,4.43,4.6,0.12,,2024-11-15,0.020948
2024-11-18 00:00:00,1.4055,1.724,2.1117,2.3175,0.7062,,4.29,4.28,4.42,4.61,0.13,,2024-11-18,0.021117
2024-11-19 00:00:00,1.4016,1.7122,2.0947,2.286,0.6931,,4.27,4.25,4.39,4.57,0.12,,2024-11-19,0.020947
2024-11-20 00:00:00,1.3974,1.7074,2.1025,2.305,0.7051,,4.31,4.28,4.41,4.59,0.1,,2024-11-20,0.021025000000000002
2024-11-21 00:00:00,1.3836,1.6977,2.0843,2.2751,0.7007,,4.34,4.3,4.43,4.61,0.09,,2024-11-21,0.020842999999999997
2024-11-22 00:00:00,1.389,1.7031,2.0832,2.265,0.6942,,4.37,4.3,4.41,4.6,0.04,,2024-11-22,0.020832000000000003
2024-11-25 00:00:00,1.3852,1.6936,2.0682,2.241,0.683,,4.21,4.17,4.27,4.45,0.06,,2024-11-25,0.020682
2024-11-26 00:00:00,1.3902,1.6988,2.0657,2.245,0.6755,,4.21,4.17,4.3,4.48,0.09,,2024-11-26,0.020657000000000002
2024-11-27 00:00:00,1.3926,1.7021,2.0553,2.25,0.6627,,4.19,4.11,4.25,4.44,0.06,,2024-11-27,0.020553
2024-11-28 00:00:00,1.3881,1.6842,2.0304,2.218,0.6423,,,,,,,,2024-11-28,0.020304000000000003
2024-11-29 00:00:00,1.3671,1.6598,2.0206,2.2025,0.6535,,4.13,4.05,4.18,4.36,0.05,,2024-11-29,0.020206
2024-12-02 00:00:00,1.3229,1.615,1.981,2.17,0.6581,,4.17,4.08,4.19,4.36,0.02,,2024-12-02,0.01981
2024-12-03 00:00:00,1.328,1.6257,1.9886,2.1675,0.6606,,4.17,4.11,4.23,4.4,0.06,,2024-12-03,0.019886
2024-12-04 00:00:00,1.3039,1.6026,1.9612,2.1375,0.6573,,4.13,4.07,4.19,4.35,0.06,,2024-12-04,0.019612
2024-12-05 00:00:00,1.3037,1.6086,1.9462,2.1425,0.6425,,4.15,4.07,4.17,4.33,0.02,,2024-12-05,0.019462
2024-12-06 00:00:00,1.3184,1.6111,1.9539,2.1585,0.6355,,4.1,4.03,4.15,4.34,0.05,,2024-12-06,0.019539
2024-12-09 00:00:00,1.3165,1.585,1.9168,2.1151,0.6003,,4.13,4.07,4.2,4.39,0.07,,2024-12-09,0.019168
2024-12-10 00:00:00,1.2645,1.5454,1.8468,2.0551,0.5823,,4.15,4.09,4.22,4.41,0.07,,2024-12-10,0.018468
2024-12-11 00:00:00,1.2644,1.53,1.8218,2.0401,0.5574,,4.15,4.13,4.26,4.48,0.11,,2024-12-11,0.018218
2024-12-12 00:00:00,1.2261,1.4844,1.8172,2.043,0.5911,,4.18,4.18,4.32,4.55,0.14,,2024-12-12,0.018172
2024-12-13 00:00:00,1.177,1.4353,1.7771,2.005,0.6001,,4.25,4.25,4.4,4.61,0.15,,2024-12-13,0.017771
2024-12-16 00:00:00,1.1598,1.4176,1.7215,1.9526,0.5617,,4.25,4.25,4.39,4.6,0.14,,2024-12-16,0.017215
2024-12-17 00:00:00,1.1734,1.4417,1.7237,1.9591,0.5503,,4.25,4.26,4.4,4.59,0.15,,2024-12-17,0.017237
2024-12-18 00:00:00,1.1405,1.4515,1.7564,1.9961,0.6159,,4.35,4.4,4.5,4.65,0.15,,2024-12-18,0.017564
2024-12-19 00:00:00,1.131,1.4161,1.7417,1.9926,0.6107,,4.32,4.43,4.57,4.74,0.25,,2024-12-19,0.017417000000000002
2024-12-20 00:00:00,1.0706,1.3727,1.7018,1.9526,0.6312,,4.3,4.37,4.52,4.72,0.22,,2024-12-20,0.017018
2024-12-23 00:00:00,1.0596,1.3915,1.7019,1.9526,0.6423,,4.3,4.44,4.59,4.78,0.29,,2024-12-23,0.017019
2024-12-24 00:00:00,1.0521,1.4199,1.7166,1.9926,0.6645,,4.29,4.43,4.59,4.76,0.3,,2024-12-24,0.017166
2024-12-25 00:00:00,1.0814,1.4591,1.7365,2.007,0.6551,,,,,,,,2024-12-25,0.017365
2024-12-26 00:00:00,1.1,1.437,1.7122,1.9701,0.6122,,4.3,4.42,4.58,4.76,0.28,,2024-12-26,0.017122
2024-12-27 00:00:00,1.132,1.4059,1.6929,1.9476,0.5609,,4.31,4.45,4.62,4.82,0.31,,2024-12-27,0.016929
2024-12-30 00:00:00,1.152,1.4413,1.7128,1.9476,0.5608,,4.24,4.37,4.55,4.77,0.31,,2024-12-30,0.017128
2024-12-31 00:00:00,1.137,1.4152,1.6752,1.9121,0.5382,5.0,4.25,4.38,4.58,4.78,0.33,2.8,2024-12-31,0.016752
2025-01-02 00:00:00,1.1011,1.3976,1.6077,1.8397,0.5066,,4.25,4.38,4.57,4.79,0.32,,2025-01-02,0.016076999999999998
2025-01-03 00:00:00,1.0205,1.3409,1.6041,1.8501,0.5836,,4.28,4.41,4.6,4.82,0.32,,2025-01-03,0.016041
2025-01-06 00:00:00,1.0133,1.3493,1.5966,1.8327,0.5833,,4.28,4.42,4.62,4.85,0.34,,2025-01-06,0.015966
2025-01-07 00:00:00,1.0483,1.3895,1.6093,1.8602,0.561,,4.3,4.46,4.67,4.91,0.37,,2025-01-07,0.016093
2025-01-08 00:00:00,1.0908,1.3948,1.6069,1.8702,0.5161,,4.28,4.45,4.67,4.91,0.39,,2025-01-08,0.016069
2025-01-09 00:00:00,1.1708,1.4465,1.6368,1.8932,0.466,,4.27,4.46,4.68,4.92,0.41,,2025-01-09,0.016368
2025-01-10 00:00:00,1.2112,1.4342,1.6338,1.8752,0.4226,,4.4,4.59,4.77,4.96,0.37,,2025-01-10,0.016338
2025-01-13 00:00:00,1.2516,1.4792,1.6592,1.9051,0.4076,,4.4,4.61,4.79,4.97,0.39,,2025-01-13,0.016592
2025-01-14 00:00:00,1.221,1.4157,1.6446,1.8652,0.4236,,4.37,4.59,4.78,4.98,0.41,,2025-01-14,0.016446000000000002
2025-01-15 00:00:00,1.2135,1.4207,1.633,1.8602,0.4195,,4.27,4.45,4.66,4.88,0.39,,2025-01-15,0.01633
2025-01-16 00:00:00,1.2366,1.4257,1.6394,1.8677,0.4028,,4.23,4.39,4.61,4.84,0.38,,2025-01-16,0.016394
2025-01-17 00:00:00,1.2708,1.4307,1.6593,1.915,0.3885,,4.27,4.42,4.61,4.84,0.34,,2025-01-17,0.016593
2025-01-20 00:00:00,1.2755,1.4357,1.6747,1.9225,0.3992,,,,,,,,2025-01-20,0.016747
2025-01-21 00:00:00,1.2506,1.4107,1.6496,1.89,0.399,,4.29,4.4,4.57,4.8,0.28,,2025-01-21,0.016496
2025-01-22 00:00:00,1.2554,1.4257,1.6602,1.9,0.4048,,4.29,4.43,4.6,4.82,0.31,,2025-01-22,0.016602
2025-01-23 00:00:00,1.2804,1.4557,1.6645,1.9,0.3841,,4.29,4.45,4.65,4.87,0.36,,2025-01-23,0.016645
2025-01-24 00:00:00,1.3004,1.4657,1.6565,1.89,0.3561,,4.27,4.43,4.63,4.85,0.36,,2025-01-24,0.016565
2025-01-26 00:00:00,1.3154,1.4557,1.6537,1.891,0.3383,,,,,,,,2025-01-26,0.016537
2025-01-27 00:00:00,1.2515,1.4124,1.6299,1.8675,0.3784,,4.17,4.32,4.53,4.76,0.36,,2025-01-27,0.016298999999999998
2025-02-05 00:00:00,1.2521,1.4049,1.6207,1.8375,0.3686,,4.17,4.24,4.43,4.64,0.26,,2025-02-05,0.016207
2025-02-06 00:00:00,1.2129,1.3791,1.5958,1.805,0.3829,,4.21,4.28,4.45,4.65,0.24,,2025-02-06,0.015958
2025-02-07 00:00:00,1.237,1.3945,1.6032,1.8025,0.3662,,4.29,4.34,4.49,4.69,0.2,,2025-02-07,0.016032
2025-02-08 00:00:00,1.237,1.3945,1.6057,1.805,0.3687,,,,,,,,2025-02-08,0.016057
2025-02-10 00:00:00,1.2721,1.4377,1.6342,1.825,0.3621,,4.28,4.34,4.51,4.71,0.23,,2025-02-10,0.016342000000000002
2025-02-11 00:00:00,1.2736,1.4279,1.6274,1.8075,0.3538,,4.29,4.37,4.54,4.75,0.25,,2025-02-11,0.016274
2025-02-12 00:00:00,1.2758,1.438,1.6336,1.809,0.3578,,4.36,4.48,4.62,4.83,0.26,,2025-02-12,0.016336
2025-02-13 00:00:00,1.3023,1.448,1.6346,1.799,0.3323,,4.31,4.39,4.52,4.72,0.21,,2025-02-13,0.016346
2025-02-14 00:00:00,1.3606,1.4804,1.6546,1.82,0.294,,4.26,4.33,4.47,4.69,0.21,,2025-02-14,0.016546
2025-02-17 00:00:00,1.3854,1.5035,1.6934,1.86,0.308,,,,,,,,2025-02-17,0.016934
2025-02-18 00:00:00,1.3916,1.5335,1.7006,1.86,0.309,,4.29,4.4,4.55,4.77,0.26,,2025-02-18,0.017006
2025-02-19 00:00:00,1.3676,1.5029,1.6626,1.84,0.295,,4.28,4.37,4.53,4.76,0.25,,2025-02-19,0.016626000000000002
2025-02-20 00:00:00,1.4267,1.5379,1.685,1.87,0.2583,,4.28,4.34,4.5,4.74,0.22,,2025-02-20,0.01685
2025-02-21 00:00:00,1.4706,1.6045,1.72,1.905,0.2494,,4.19,4.26,4.42,4.67,0.23,,2025-02-21,0.0172
2025-02-24 00:00:00,1.4726,1.6451,1.7625,1.945,0.2899,,4.13,4.23,4.4,4.66,0.27,,2025-02-24,0.017625
2025-02-25 00:00:00,1.4449,1.6222,1.7275,1.915,0.2826,,4.07,4.12,4.3,4.55,0.23,,2025-02-25,0.017275
2025-02-26 00:00:00,1.4239,1.61,1.7251,1.91,0.3012,,4.05,4.06,4.25,4.51,0.2,,2025-02-26,0.017251000000000002
2025-02-27 00:00:00,1.4639,1.644,1.7576,1.935,0.2937,,4.07,4.09,4.29,4.56,0.22,,2025-02-27,0.017576
2025-02-28 00:00:00,1.4253,1.6041,1.7152,1.905,0.2899,,3.99,4.03,4.24,4.51,0.25,,2025-02-28,0.017152
2025-03-03 00:00:00,1.3834,1.5565,1.6955,1.89,0.3121,,3.96,3.97,4.16,4.45,0.2,,2025-03-03,0.016955
2025-03-04 00:00:00,1.4056,1.5639,1.7079,1.9,0.3023,,3.96,4.01,4.22,4.53,0.26,,2025-03-04,0.017079
2025-03-05 00:00:00,1.3995,1.5527,1.7083,1.8925,0.3088,,3.99,4.08,4.28,4.57,0.29,,2025-03-05,0.017083
2025-03-06 00:00:00,1.447,1.598,1.7455,1.9325,0.2985,,3.96,4.06,4.29,4.58,0.33,,2025-03-06,0.017455000000000002
2025-03-07 00:00:00,1.507,1.6672,1.8002,1.975,0.2932,,3.99,4.09,4.32,4.62,0.33,,2025-03-07,0.018002
2025-03-10 00:00:00,1.5355,1.6744,1.8128,1.985,0.2773,,3.89,3.98,4.22,4.54,0.33,,2025-03-10,0.018128
2025-03-11 00:00:00,1.5975,1.7368,1.8853,2.035,0.2878,,3.94,4.03,4.28,4.59,0.34,,2025-03-11,0.018852999999999998
2025-03-12 00:00:00,1.5578,1.6668,1.8334,2.0125,0.2756,,4.01,4.09,4.32,4.63,0.31,,2025-03-12,0.018334
2025-03-13 00:00:00,1.5644,1.6792,1.8565,2.04,0.2921,,3.94,4.02,4.27,4.59,0.33,,2025-03-13,0.018565
2025-03-14 00:00:00,1.5474,1.6416,1.8317,2.04,0.2843,,4.02,4.09,4.31,4.62,0.29,,2025-03-14,0.018317
2025-03-17 00:00:00,1.5774,1.7123,1.8957,2.115,0.3183,,4.06,4.11,4.31,4.6,0.25,,2025-03-17,0.018956999999999998
2025-03-18 00:00:00,1.5374,1.6974,1.8885,2.1151,0.3511,,4.04,4.07,4.29,4.58,0.25,,2025-03-18,0.018885
2025-03-19 00:00:00,1.6027,1.6991,1.8708,2.1051,0.2681,,3.99,4.03,4.25,4.56,0.26,,2025-03-19,0.018708
2025-03-20 00:00:00,1.555,1.6741,1.8309,2.0526,0.2759,,3.95,4.01,4.24,4.55,0.29,,2025-03-20,0.018309
2025-03-21 00:00:00,1.5804,1.6981,1.8458,2.0676,0.2654,,3.94,4.0,4.25,4.59,0.31,,2025-03-21,0.018458000000000002
2025-03-24 00:00:00,1.5863,1.6927,1.8413,2.0501,0.255,,4.04,4.09,4.34,4.66,0.3,,2025-03-24,0.018413
2025-03-25 00:00:00,1.5811,1.6773,1.8183,2.0276,0.2372,,3.96,4.07,4.31,4.65,0.35,,2025-03-25,0.018183
2025-03-26 00:00:00,1.561,1.6517,1.7943,2.0001,0.2333,,3.98,4.08,4.35,4.69,0.37,,2025-03-26,0.017943
2025-03-27 00:00:00,1.5508,1.6579,1.8062,2.0101,0.2554,,3.97,4.09,4.38,4.73,0.41,,2025-03-27,0.018062
2025-03-28 00:00:00,1.5302,1.6562,1.8126,2.0251,0.2824,,3.89,3.98,4.27,4.64,0.38,,2025-03-28,0.018126
2025-03-31 00:00:00,1.5663,1.6523,1.8129,2.0226,0.2466,,3.89,3.96,4.23,4.59,0.34,,2025-03-31,0.018129
2025-04-01 00:00:00,1.5791,1.6669,1.8104,2.0201,0.2313,,3.87,3.91,4.17,4.52,0.3,,2025-04-01,0.018104
2025-04-02 00:00:00,1.5611,1.6368,1.7887,1.9801,0.2276,,3.91,3.95,4.2,4.54,0.29,,2025-04-02,0.017887
2025-04-03 00:00:00,1.4853,1.5616,1.718,1.9052,0.2327,,3.71,3.75,4.06,4.49,0.35,,2025-04-03,0.01718
2025-04-07 00:00:00,1.4278,1.4967,1.6318,1.8252,0.204,,3.73,3.82,4.15,4.58,0.42,,2025-04-07,0.016318
2025-04-08 00:00:00,1.4703,1.5452,1.6633,1.8551,0.193,,3.71,3.88,4.26,4.71,0.55,,2025-04-08,0.016633
2025-04-09 00:00:00,1.4328,1.5216,1.6508,1.8552,0.218,,3.91,4.06,4.34,4.72,0.43,,2025-04-09,0.016508000000000002
2025-04-10 00:00:00,1.4053,1.4916,1.6444,1.8602,0.2391,,3.84,4.04,4.4,4.86,0.56,,2025-04-10,0.016444
2025-04-11 00:00:00,1.3979,1.4895,1.6568,1.8627,0.2589,,3.96,4.15,4.48,4.85,0.52,,2025-04-11,0.016568
2025-04-14 00:00:00,1.4131,1.5043,1.6584,1.8602,0.2453,,3.84,4.02,4.38,4.8,0.54,,2025-04-14,0.016584
2025-04-15 00:00:00,1.423,1.5015,1.6583,1.8602,0.2353,,3.84,3.98,4.35,4.79,0.51,,2025-04-15,0.016583
2025-04-16 00:00:00,1.4261,1.4896,1.643,1.8652,0.2169,,3.77,3.91,4.29,4.74,0.52,,2025-04-16,0.01643
2025-04-17 00:00:00,1.4413,1.5048,1.6522,1.8982,0.2109,,3.81,3.95,4.34,4.8,0.53,,2025-04-17,0.016522
2025-04-18 00:00:00,1.4495,1.504,1.6493,1.9042,0.1998,,,,,,,,2025-04-18,0.016493
2025-04-21 00:00:00,1.4618,1.5303,1.6664,1.9227,0.2046,,3.75,3.97,4.42,4.91,0.67,,2025-04-21,0.016664
2025-04-22 00:00:00,1.4567,1.5179,1.6509,1.9052,0.1942,,3.76,3.98,4.41,4.88,0.65,,2025-04-22,0.016509
2025-04-23 00:00:00,1.4725,1.5379,1.6611,1.9279,0.1886,,3.81,4.0,4.4,4.83,0.59,,2025-04-23,0.016611
2025-04-24 00:00:00,1.4781,1.547,1.664,1.9327,0.1859,,3.77,3.91,4.32,4.77,0.55,,2025-04-24,0.01664
2025-04-25 00:00:00,1.4838,1.5433,1.6606,1.9276,0.1768,,3.74,3.88,4.29,4.74,0.55,,2025-04-25,0.016606
2025-04-27 00:00:00,1.4788,1.5443,1.6607,1.9252,0.1819,,,,,,,,2025-04-27,0.016607
2025-04-28 00:00:00,1.483,1.5393,1.6483,1.9005,0.1653,,3.67,3.81,4.23,4.69,0.56,,2025-04-28,0.016483
2025-04-29 00:00:00,1.4616,1.5352,1.6241,1.8225,0.1625,,3.65,3.77,4.19,4.64,0.54,,2025-04-29,0.016241000000000002
2025-04-30 00:00:00,1.4507,1.5163,1.6243,1.824,0.1736,,3.6,3.72,4.17,4.66,0.57,,2025-04-30,0.016243
2025-05-06 00:00:00,1.454,1.5255,1.6298,1.827,0.1758,,3.78,3.9,4.3,4.81,0.52,,2025-05-06,0.016298
2025-05-07 00:00:00,1.4415,1.5156,1.6418,1.8475,0.2003,,3.78,3.87,4.26,4.77,0.48,,2025-05-07,0.016418
2025-05-08 00:00:00,1.4067,1.5009,1.6331,1.8375,0.2264,,3.9,4.0,4.37,4.83,0.47,,2025-05-08,0.016331
2025-05-09 00:00:00,1.4296,1.4957,1.6351,1.8425,0.2055,,3.88,4.0,4.37,4.83,0.49,,2025-05-09,0.016351
2025-05-12 00:00:00,1.4375,1.5519,1.688,1.905,0.2505,,3.98,4.09,4.45,4.89,0.47,,2025-05-12,0.01688
2025-05-13 00:00:00,1.4167,1.5421,1.6704,1.879,0.2537,,4.02,4.12,4.49,4.94,0.47,,2025-05-13,0.016704
2025-05-14 00:00:00,1.4356,1.5622,1.6736,1.8775,0.238,,4.05,4.17,4.53,4.97,0.48,,2025-05-14,0.016736
2025-05-15 00:00:00,1.454,1.577,1.6798,1.8825,0.2258,,3.96,4.07,4.45,4.91,0.49,,2025-05-15,0.016798
2025-05-16 00:00:00,1.4749,1.577,1.6793,1.878,0.2044,,3.98,4.06,4.43,4.89,0.45,,2025-05-16,0.016793
2025-05-19 00:00:00,1.4645,1.5672,1.6893,1.861,0.2248,,3.97,4.07,4.46,4.92,0.49,,2025-05-19,0.016893000000000002
2025-05-20 00:00:00,1.4834,1.5722,1.7004,1.872,0.217,,3.97,4.07,4.48,4.96,0.51,,2025-05-20,0.017004
2025-05-21 00:00:00,1.4775,1.5647,1.71,1.885,0.2325,,4.0,4.15,4.58,5.08,0.58,,2025-05-21,0.0171
2025-05-22 00:00:00,1.4801,1.5649,1.7186,1.887,0.2385,,4.0,4.11,4.54,5.05,0.54,,2025-05-22,0.017186
2025-05-23 00:00:00,1.4747,1.565,1.7208,1.889,0.2461,,4.0,4.08,4.51,5.04,0.51,,2025-05-23,0.017208
2025-05-26 00:00:00,1.4676,1.5628,1.7201,1.8875,0.2525,,,,,,,,2025-05-26,0.017201
2025-05-27 00:00:00,1.4723,1.5703,1.7261,1.901,0.2538,,3.92,4.04,4.43,4.94,0.51,,2025-05-27,0.017261
2025-05-28 00:00:00,1.4755,1.5753,1.6832,1.906,0.2077,,3.96,4.05,4.47,4.97,0.51,,2025-05-28,0.016832
2025-05-29 00:00:00,1.4875,1.5903,1.6877,1.916,0.2002,,3.92,4.0,4.43,4.92,0.51,,2025-05-29,0.016877
2025-05-30 00:00:00,1.4617,1.564,1.6712,1.896,0.2095,,3.89,3.96,4.41,4.92,0.52,,2025-05-30,0.016712
2025-06-03 00:00:00,1.4831,1.5797,1.6764,1.895,0.1933,,3.96,4.04,4.46,4.98,0.5,,2025-06-03,0.016763999999999998
2025-06-04 00:00:00,1.462,1.565,1.6704,1.891,0.2084,,3.87,3.93,4.37,4.89,0.5,,2025-06-04,0.016704
2025-06-05 00:00:00,1.4391,1.5585,1.6741,1.896,0.235,,3.92,3.99,4.4,4.88,0.48,,2025-06-05,0.016741
2025-06-06 00:00:00,1.4257,1.5459,1.6547,1.876,0.229,,4.04,4.13,4.51,4.97,0.47,,2025-06-06,0.016547
2025-06-09 00:00:00,1.4286,1.5437,1.6559,1.87,0.2273,,4.01,4.09,4.49,4.95,0.48,,2025-06-09,0.016559
2025-06-10 00:00:00,1.4331,1.5456,1.6569,1.8695,0.2238,,4.01,4.08,4.47,4.93,0.46,,2025-06-10,0.016569
2025-06-11 00:00:00,1.4186,1.5426,1.642,1.849,0.2234,,3.94,4.02,4.41,4.91,0.47,,2025-06-11,0.01642
2025-06-12 00:00:00,1.4263,1.5437,1.6475,1.8485,0.2212,,3.9,3.97,4.36,4.84,0.46,,2025-06-12,0.016475
2025-06-13 00:00:00,1.4132,1.5447,1.644,1.8495,0.2308,,3.96,4.02,4.41,4.9,0.45,,2025-06-13,0.01644
2025-06-16 00:00:00,1.4032,1.5401,1.6432,1.851,0.24,,3.97,4.04,4.46,4.96,0.49,,2025-06-16,0.016432
2025-06-17 00:00:00,1.3712,1.5101,1.6364,1.8425,0.2652,,3.94,3.99,4.39,4.88,0.45,,2025-06-17,0.016364
2025-06-18 00:00:00,1.3701,1.5082,1.6384,1.8455,0.2683,,3.94,3.98,4.38,4.88,0.44,,2025-06-18,0.016384
2025-06-19 00:00:00,1.3701,1.5078,1.6425,1.8431,0.2724,,,,,,,,2025-06-19,0.016425000000000002
2025-06-20 00:00:00,1.3662,1.5025,1.6396,1.8376,0.2734,,3.9,3.96,4.38,4.89,0.48,,2025-06-20,0.016396
2025-06-23 00:00:00,1.3683,1.5027,1.6418,1.8381,0.2735,,3.84,3.91,4.34,4.87,0.5,,2025-06-23,0.016418
2025-06-24 00:00:00,1.3733,1.5129,1.648,1.8506,0.2747,,3.75,3.86,4.3,4.83,0.55,,2025-06-24,0.016479999999999998
2025-06-25 00:00:00,1.3728,1.5214,1.6544,1.8621,0.2816,,3.74,3.83,4.29,4.83,0.55,,2025-06-25,0.016544
2025-06-26 00:00:00,1.3703,1.5139,1.6462,1.8491,0.2759,,3.7,3.79,4.26,4.81,0.56,,2025-06-26,0.016462
2025-06-27 00:00:00,1.3605,1.5065,1.6462,1.8496,0.2857,,3.73,3.83,4.29,4.85,0.56,,2025-06-27,0.016462
2025-06-30 00:00:00,1.3635,1.5129,1.6469,1.8611,0.2834,,3.72,3.79,4.24,4.78,0.52,,2025-06-30,0.016469
2025-07-01 00:00:00,1.3663,1.5075,1.6433,1.8516,0.277,,3.78,3.84,4.26,4.78,0.48,,2025-07-01,0.016433
2025-07-02 00:00:00,1.3586,1.4975,1.6396,1.8451,0.281,,3.78,3.87,4.3,4.82,0.52,,2025-07-02,0.016396
2025-07-03 00:00:00,1.3611,1.4933,1.6407,1.8486,0.2796,,3.88,3.94,4.35,4.86,0.47,,2025-07-03,0.016407
2025-07-04 00:00:00,1.3534,1.4929,1.6433,1.8516,0.2899,,,,,,,,2025-07-04,0.016433
2025-07-07 00:00:00,1.3508,1.4932,1.6406,1.8536,0.2898,,3.9,3.96,4.4,4.92,0.5,,2025-07-07,0.016406
2025-07-08 00:00:00,1.3633,1.5032,1.6444,1.8596,0.2811,,3.9,3.99,4.42,4.94,0.52,,2025-07-08,0.016444
2025-07-09 00:00:00,1.3771,1.5141,1.6446,1.8566,0.2675,,3.86,3.92,4.34,4.87,0.48,,2025-07-09,0.016446000000000002
2025-07-10 00:00:00,1.3965,1.5236,1.6616,1.8746,0.2651,,3.86,3.93,4.35,4.86,0.49,,2025-07-10,0.016616
2025-07-11 00:00:00,1.3995,1.5292,1.6653,1.8741,0.2658,,3.9,3.99,4.43,4.96,0.53,,2025-07-11,0.016653
2025-07-14 00:00:00,1.4127,1.5417,1.6726,1.8821,0.2599,,3.9,3.98,4.43,4.97,0.53,,2025-07-14,0.016726
2025-07-15 00:00:00,1.3921,1.5251,1.6557,1.8601,0.2636,,3.95,4.05,4.5,5.01,0.55,,2025-07-15,0.016557
2025-07-16 00:00:00,1.3875,1.5273,1.6617,1.8661,0.2742,,3.88,3.99,4.46,5.01,0.58,,2025-07-16,0.016617
2025-07-17 00:00:00,1.3851,1.5248,1.663,1.883,0.2779,,3.91,4.01,4.47,5.01,0.56,,2025-07-17,0.01663
2025-07-18 00:00:00,1.3803,1.5256,1.6652,1.8885,0.2849,,3.88,3.96,4.44,5.0,0.56,,2025-07-18,0.016652
2025-07-21 00:00:00,1.3908,1.5421,1.6774,1.9115,0.2866,,3.85,3.91,4.38,4.94,0.53,,2025-07-21,0.016774
2025-07-22 00:00:00,1.3934,1.5559,1.6907,1.9335,0.2973,,3.83,3.88,4.35,4.9,0.52,,2025-07-22,0.016907000000000002
2025-07-23 00:00:00,1.4087,1.5749,1.7041,1.938,0.2954,,3.88,3.94,4.4,4.95,0.52,,2025-07-23,0.017041
2025-07-24 00:00:00,1.4556,1.5939,1.7376,1.979,0.282,,3.91,3.98,4.43,4.96,0.52,,2025-07-24,0.017376
2025-07-25 00:00:00,1.4355,1.6048,1.7324,1.9725,0.2969,,3.91,3.95,4.4,4.92,0.49,,2025-07-25,0.017324
2025-07-28 00:00:00,1.4155,1.5848,1.7146,1.9525,0.2991,,3.91,3.96,4.42,4.96,0.51,,2025-07-28,0.017145999999999998
2025-07-29 00:00:00,1.4445,1.6107,1.7466,1.998,0.3021,,3.86,3.9,4.34,4.86,0.48,,2025-07-29,0.017466
2025-07-30 00:00:00,1.4289,1.5859,1.718,1.96,0.2891,,3.94,3.96,4.38,4.89,0.44,,2025-07-30,0.01718
2025-07-31 00:00:00,1.4195,1.571,1.7044,1.945,0.2849,,3.94,3.96,4.37,4.89,0.43,,2025-07-31,0.017044
2025-08-01 00:00:00,1.4258,1.5686,1.7059,1.949,0.2801,,3.69,3.77,4.23,4.81,0.54,,2025-08-01,0.017059
2025-08-04 00:00:00,1.4253,1.5768,1.7083,1.95,0.283,,3.69,3.75,4.22,4.8,0.53,,2025-08-04,0.017083
2025-08-05 00:00:00,1.4253,1.5719,1.7061,1.9585,0.2808,,3.72,3.77,4.22,4.78,0.5,,2025-08-05,0.017061
2025-08-06 00:00:00,1.4154,1.562,1.6999,1.958,0.2845,,3.69,3.77,4.22,4.81,0.53,,2025-08-06,0.016999
2025-08-07 00:00:00,1.4054,1.5471,1.6894,1.951,0.284,,3.72,3.79,4.23,4.81,0.51,,2025-08-07,0.016894
2025-08-08 00:00:00,1.3956,1.5454,1.6891,1.96,0.2935,,3.76,3.84,4.27,4.85,0.51,,2025-08-08,0.016891
2025-08-11 00:00:00,1.4061,1.5629,1.7203,1.995,0.3142,,3.76,3.83,4.27,4.84,0.51,,2025-08-11,0.017203
2025-08-12 00:00:00,1.4096,1.5683,1.7271,2.017,0.3175,,3.72,3.83,4.29,4.88,0.57,,2025-08-12,0.017271
2025-08-13 00:00:00,1.3996,1.5637,1.7262,2.02,0.3266,,3.67,3.77,4.24,4.83,0.57,,2025-08-13,0.017262
2025-08-14 00:00:00,1.4023,1.5638,1.7341,2.0275,0.3318,,3.74,3.82,4.29,4.88,0.55,,2025-08-14,0.017341
2025-08-15 00:00:00,1.4021,1.5948,1.7465,2.0475,0.3444,,3.75,3.85,4.33,4.92,0.58,,2025-08-15,0.017464999999999998
2025-08-18 00:00:00,1.4342,1.6398,1.7872,2.1145,0.353,,3.77,3.86,4.34,4.94,,,2025-08-18,0.017872
2025-08-19 00:00:00,1.4273,1.6246,1.7725,2.0975,0.3452,,3.75,3.82,4.3,4.9,,,2025-08-19,0.017725
2025-08-20 00:00:00,1.4398,1.6399,1.782,2.105,0.3422,,3.74,3.81,4.29,4.89,,,2025-08-20,0.01782
2025-08-21 00:00:00,1.4373,1.6295,1.7667,2.075,0.3294,,3.79,3.86,4.33,4.92,,,2025-08-21,0.017667
2025-08-22 00:00:00,1.4341,1.6324,1.7818,2.0775,0.3477,,3.68,3.76,4.26,4.88,0.58,,2025-08-22,0.017818
2025-08-25 00:00:00,1.4194,1.6227,1.7643,2.05,0.3449,,3.73,3.8,4.28,4.89,0.55,,2025-08-25,0.017643
2025-08-26 00:00:00,1.417,1.6215,1.7598,2.035,0.3428,,3.61,3.75,4.26,4.9,0.65,,2025-08-26,0.017598
2025-08-27 00:00:00,1.411,1.6259,1.7988,2.07,0.3878,,3.59,3.69,4.24,4.91,0.65,,2025-08-27,0.017988
2025-08-28 00:00:00,1.4184,1.6442,1.8478,2.1108,0.4294,,3.62,3.69,4.22,4.88,0.6,,2025-08-28,0.018478
2025-08-29 00:00:00,1.4042,1.6322,1.8379,2.1375,0.4337,,3.59,3.68,4.23,4.92,0.64,,2025-08-29,0.018379
2025-09-01 00:00:00,1.3994,1.6234,1.8257,2.1165,0.4263,,,,,,,,2025-09-01,0.018257000000000002
2025-09-02 00:00:00,1.3994,1.6148,1.8167,2.1,0.4173,,3.66,3.74,4.28,4.97,0.62,,2025-09-02,0.018167
2025-09-03 00:00:00,1.385,1.5931,1.7984,2.075,0.4134,,3.61,3.69,4.22,4.9,0.61,,2025-09-03,0.017984
2025-09-04 00:00:00,1.4036,1.5967,1.806,2.085,0.4024,,3.59,3.65,4.17,4.86,0.58,,2025-09-04,0.01806
2025-09-05 00:00:00,1.4081,1.6121,1.826,2.1125,0.4179,,3.51,3.59,4.1,4.78,0.59,,2025-09-05,0.018260000000000002
2025-09-08 00:00:00,1.4065,1.6229,1.8514,2.1475,0.4449,,3.49,3.57,4.05,4.69,0.56,,2025-09-08,0.018514
2025-09-09 00:00:00,1.4205,1.6283,1.8641,2.171,0.4436,,3.54,3.61,4.08,4.72,0.54,,2025-09-09,0.018641
2025-09-10 00:00:00,1.4298,1.6492,1.8992,2.204,0.4694,,3.54,3.59,4.04,4.69,0.5,,2025-09-10,0.018992
2025-09-11 00:00:00,1.4177,1.621,1.8743,2.208,0.4566,,3.52,3.59,4.01,4.65,0.49,,2025-09-11,0.018743
2025-09-12 00:00:00,1.4295,1.6139,1.867,2.184,0.4375,,3.56,3.63,4.06,4.68,0.5,,2025-09-12,0.01867
2025-09-15 00:00:00,1.4245,1.6187,1.8724,2.1875,0.4479,,3.54,3.61,4.05,4.66,0.51,,2025-09-15,0.018724
2025-09-16 00:00:00,1.4095,1.5891,1.8527,2.1675,0.4432,,3.51,3.59,4.04,4.65,0.53,,2025-09-16,0.018527000000000002
2025-09-17 00:00:00,1.4345,1.5688,1.8349,2.15,0.4004,,3.52,3.62,4.06,4.66,0.54,,2025-09-17,0.018349
2025-09-18 00:00:00,1.4806,1.5896,1.8546,2.1701,0.374,,3.57,3.67,4.11,4.72,0.54,,2025-09-18,0.018546
2025-09-19 00:00:00,1.4859,1.6186,1.8789,2.1996,0.393,,3.57,3.68,4.14,4.75,0.57,,2025-09-19,0.018789
2025-09-22 00:00:00,1.4908,1.6091,1.8647,2.189,0.3739,,3.61,3.71,4.15,4.77,0.54,,2025-09-22,0.018647
2025-09-23 00:00:00,1.5015,1.6238,1.877,2.215,0.3755,,3.53,3.68,4.12,4.73,0.59,,2025-09-23,0.01877
2025-09-24 00:00:00,1.5163,1.6477,1.9022,2.2501,0.3859,,3.57,3.7,4.16,4.76,0.59,,2025-09-24,0.019021999999999997
2025-09-25 00:00:00,1.5211,1.6398,1.884,2.23,0.3629,,3.64,3.75,4.18,4.75,0.54,,2025-09-25,0.01884
2025-09-26 00:00:00,1.5125,1.6234,1.8768,2.217,0.3643,,3.63,3.76,4.2,4.77,0.57,,2025-09-26,0.018768
2025-09-28 00:00:00,1.5038,1.6188,1.8781,2.218,0.3743,,,,,,,,2025-09-28,0.018781000000000003
2025-09-29 00:00:00,1.5081,1.635,1.887,2.242,0.3789,,3.63,3.74,4.15,4.71,0.52,,2025-09-29,0.01887
2025-09-30 00:00:00,1.4934,1.6036,1.8605,2.2461,0.3671,,3.6,3.74,4.16,4.73,0.56,,2025-09-30,0.018605
2025-10-09 00:00:00,1.4857,1.5979,1.8466,2.2629,0.3609,,3.6,3.74,4.14,4.72,0.54,,2025-10-09,0.018466
2025-10-10 00:00:00,1.5016,1.605,1.846,2.2829,0.3444,,3.52,3.65,4.05,4.63,0.53,,2025-10-10,0.01846
2025-10-11 00:00:00,1.4822,1.5794,1.8206,2.2328,0.3384,,,,,,,,2025-10-11,0.018206
2025-10-13 00:00:00,1.4922,1.5983,1.8383,2.2729,0.3461,,,,,,,,2025-10-13,0.018383
2025-10-14 00:00:00,1.494,1.59,1.8368,2.2678,0.3428,,3.48,3.6,4.03,4.62,0.55,,2025-10-14,0.018368
2025-10-15 00:00:00,1.4997,1.5949,1.8449,2.2603,0.3452,,3.5,3.63,4.05,4.64,0.55,,2025-10-15,0.018449
2025-10-16 00:00:00,1.4981,1.5975,1.8407,2.2414,0.3426,,3.41,3.55,3.99,4.58,0.58,,2025-10-16,0.018407
2025-10-17 00:00:00,1.494,1.5899,1.8246,2.2002,0.3306,,3.46,3.59,4.02,4.6,0.56,,2025-10-17,0.018246
2025-10-20 00:00:00,1.5014,1.6104,1.8498,2.2162,0.3484,,3.46,3.58,4.0,4.58,0.54,,2025-10-20,0.018498
2025-10-21 00:00:00,1.4961,1.6033,1.8357,2.1871,0.3396,,3.45,3.56,3.98,4.55,0.53,,2025-10-21,0.018357000000000002
2025-10-22 00:00:00,1.5011,1.6027,1.8293,2.1821,0.3282,,3.45,3.56,3.97,4.54,0.52,,2025-10-22,0.018293
2025-10-23 00:00:00,1.4961,1.6061,1.8391,2.1946,0.343,,3.48,3.61,4.01,4.58,0.53,,2025-10-23,0.018391
2025-10-24 00:00:00,1.4923,1.6174,1.8486,2.2126,0.3563,,3.48,3.61,4.02,4.59,0.54,,2025-10-24,0.018486
2025-10-27 00:00:00,1.4814,1.6054,1.8423,2.2031,0.3609,,3.48,3.61,4.01,4.57,0.53,,2025-10-27,0.018423000000000002
2025-10-28 00:00:00,1.4408,1.5724,1.8179,2.17,0.3771,,3.47,3.6,3.99,4.55,0.52,,2025-10-28,0.018179
2025-10-29 00:00:00,1.4063,1.5783,1.8208,2.177,0.4145,,3.59,3.7,4.08,4.61,0.49,,2025-10-29,0.018208
2025-10-30 00:00:00,1.4067,1.5609,1.8098,2.1625,0.4031,,3.61,3.72,4.11,4.65,0.5,,2025-10-30,0.018098
2025-10-31 00:00:00,1.4022,1.5662,1.7954,2.1431,0.3932,,3.6,3.71,4.11,4.67,0.51,,2025-10-31,0.017954
2025-11-03 00:00:00,1.4143,1.5768,1.7944,2.1376,0.3801,,3.6,3.72,4.13,4.69,0.53,,2025-11-03,0.017944
2025-11-04 00:00:00,1.4233,1.5795,1.7984,2.1421,0.3751,,3.58,3.69,4.1,4.67,0.52,,2025-11-04,0.017984
2025-11-05 00:00:00,1.431,1.5794,1.7964,2.1391,0.3654,,3.63,3.76,4.17,4.74,0.54,,2025-11-05,0.017964
2025-11-06 00:00:00,1.4342,1.5856,1.81,2.1596,0.3758,,3.57,3.69,4.11,4.69,0.54,,2025-11-06,0.0181
2025-11-07 00:00:00,1.4337,1.5873,1.8142,2.1581,0.3805,,3.55,3.67,4.11,4.7,0.56,,2025-11-07,0.018142000000000002
2025-11-10 00:00:00,1.4322,1.583,1.8139,2.1476,0.3817,,3.58,3.72,4.13,4.71,0.55,,2025-11-10,0.018139000000000002
2025-11-11 00:00:00,1.433,1.5754,1.8119,2.1537,0.3789,,,,,,,,2025-11-11,0.018119
2025-11-12 00:00:00,1.4319,1.568,1.8071,2.1431,0.3752,,3.56,3.68,4.08,4.67,0.52,,2025-11-12,0.018071
2025-11-13 00:00:00,1.428,1.5783,1.8126,2.1491,0.3846,,3.58,3.71,4.11,4.7,0.53,,2025-11-13,0.018126
2025-11-14 00:00:00,1.4312,1.5816,1.814,2.1481,0.3828,,3.62,3.74,4.14,4.74,0.52,,2025-11-14,0.01814
2025-11-17 00:00:00,1.4312,1.5846,1.8109,2.1391,0.3797,,3.6,3.72,4.13,4.73,0.53,,2025-11-17,0.018109
2025-11-18 00:00:00,1.4311,1.5899,1.8121,2.1381,0.381,,3.58,3.7,4.12,4.74,0.54,,2025-11-18,0.018121
2025-11-19 00:00:00,1.4299,1.5953,1.8179,2.1506,0.388,,3.58,3.71,4.13,4.75,0.55,,2025-11-19,0.018179
2025-11-20 00:00:00,1.4291,1.5852,1.8135,2.1531,0.3844,,3.55,3.68,4.1,4.73,0.55,,2025-11-20,0.018135
2025-11-21 00:00:00,1.4303,1.5907,1.8166,2.1576,0.3863,,3.51,3.62,4.06,4.71,0.55,,2025-11-21,0.018166
2025-11-24 00:00:00,1.4313,1.5944,1.821,2.1586,0.3897,,3.46,3.61,4.04,4.68,0.58,,2025-11-24,0.01821
2025-11-25 00:00:00,1.43,1.6019,1.8301,2.1751,0.4001,,3.43,3.55,4.01,4.67,0.58,,2025-11-25,0.018301
2025-11-26 00:00:00,1.4342,1.6203,1.8462,2.1926,0.412,,3.45,3.56,4.0,4.64,0.55,,2025-11-26,0.018462
2025-11-27 00:00:00,1.4317,1.6304,1.8537,2.2001,0.422,,,,,,,,2025-11-27,0.018536999999999998
2025-11-28 00:00:00,1.4183,1.6183,1.8412,2.1851,0.4229,,3.47,3.59,4.02,4.67,0.55,,2025-11-28,0.018411999999999998
2025-12-01 00:00:00,1.4162,1.6111,1.8366,2.1901,0.4204,,3.54,3.67,4.09,4.74,0.55,,2025-12-01,0.018366
2025-12-02 00:00:00,1.4166,1.6165,1.8442,2.2051,0.4276,,3.51,3.66,4.09,4.74,0.58,,2025-12-02,0.018442
2025-12-03 00:00:00,1.4137,1.6196,1.8519,2.2351,0.4382,,3.49,3.62,4.06,4.73,0.57,,2025-12-03,0.018519
2025-12-04 00:00:00,1.4054,1.646,1.8718,2.2761,0.4664,,3.52,3.68,4.11,4.76,0.59,,2025-12-04,0.018718
2025-12-05 00:00:00,1.4036,1.6322,1.848,2.2571,0.4444,,3.56,3.72,4.14,4.79,0.58,,2025-12-05,0.01848
2025-12-08 00:00:00,1.4034,1.6348,1.8499,2.2577,0.4465,,3.57,3.75,4.17,4.81,0.6,,2025-12-08,0.018499
2025-12-09 00:00:00,1.3987,1.6299,1.8425,2.2527,0.4438,,3.61,3.78,4.18,4.8,0.57,,2025-12-09,0.018425
2025-12-10 00:00:00,1.3886,1.6266,1.8447,2.2412,0.4561,,3.54,3.72,4.13,4.78,0.59,,2025-12-10,0.018447
2025-12-11 00:00:00,1.3919,1.6173,1.8404,2.2252,0.4485,,3.52,3.72,4.14,4.79,0.62,,2025-12-11,0.018404
2025-12-12 00:00:00,1.3951,1.6279,1.8396,2.2487,0.4445,,3.52,3.75,4.19,4.85,0.67,,2025-12-12,0.018396
2025-12-15 00:00:00,1.3986,1.6391,1.8488,2.2792,0.4502,,3.51,3.73,4.18,4.84,0.67,,2025-12-15,0.018488
2025-12-16 00:00:00,1.4036,1.6362,1.8458,2.2802,0.4422,,3.48,3.69,4.15,4.82,0.67,,2025-12-16,0.018458000000000002
2025-12-17 00:00:00,1.4001,1.6241,1.834,2.2422,0.4339,,3.49,3.7,4.16,4.83,0.67,,2025-12-17,0.018340000000000002
2025-12-18 00:00:00,1.3876,1.6201,1.8356,2.2512,0.448,,3.46,3.66,4.12,4.8,0.66,,2025-12-18,0.018355999999999997
2025-12-19 00:00:00,1.3752,1.6021,1.8308,2.2252,0.4556,,3.48,3.7,4.16,4.82,0.68,,2025-12-19,0.018308
2025-12-22 00:00:00,1.3652,1.6083,1.8415,2.2412,0.4763,,3.44,3.71,4.17,4.84,0.73,,2025-12-22,0.018415
2025-12-23 00:00:00,1.3502,1.5957,1.8352,2.2232,0.485,,3.48,3.72,4.18,4.83,0.7,,2025-12-23,0.018352
2025-12-24 00:00:00,1.3401,1.5991,1.8356,2.2202,0.4955,,3.47,3.7,4.15,4.79,0.68,,2025-12-24,0.018355999999999997
2025-12-25 00:00:00,1.3358,1.6028,1.8386,2.2252,0.5028,,,,,,,,2025-12-25,0.018386
2025-12-26 00:00:00,1.3378,1.5948,1.8376,2.2233,0.4998,,3.46,3.68,4.14,4.81,0.68,,2025-12-26,0.018376
2025-12-29 00:00:00,1.3438,1.6168,1.8584,2.2583,0.5146,,3.45,3.67,4.12,4.8,0.67,,2025-12-29,0.018584
2025-12-30 00:00:00,1.3555,1.6303,1.8582,2.2628,0.5027,,3.45,3.68,4.14,4.81,0.69,,2025-12-30,0.018582
2025-12-31 00:00:00,1.3605,1.6309,1.8473,2.2674,0.4868,5.0,3.47,3.73,4.18,4.84,0.71,2.1,2025-12-31,0.018473
2026-01-04 00:00:00,1.3522,1.6247,1.8427,2.2529,0.4905,,,,,,,,2026-01-04,0.018427
2026-01-05 00:00:00,1.3813,1.6378,1.8584,2.2822,0.4771,,3.46,3.71,4.17,4.85,0.71,,2026-01-05,0.018584
2026-01-06 00:00:00,1.3988,1.6651,1.8829,2.3104,0.4841,,3.47,3.72,4.18,4.86,0.71,,2026-01-06,0.018829
2026-01-07 00:00:00,1.4388,1.6732,1.9019,2.3345,0.4631,,3.47,3.7,4.15,4.82,0.68,,2026-01-07,0.019018999999999998
2026-01-08 00:00:00,1.4388,1.661,1.8905,2.319,0.4517,,3.49,3.74,4.19,4.85,0.7,,2026-01-08,0.018905
2026-01-09 00:00:00,1.4362,1.6551,1.8782,2.3024,0.442,,3.54,3.75,4.18,4.82,0.64,,2026-01-09,0.018782
2026-01-12 00:00:00,1.4392,1.6427,1.8585,2.292,0.4193,,3.54,3.77,4.19,4.83,0.65,,2026-01-12,0.018585
2026-01-13 00:00:00,1.4386,1.6428,1.8519,2.2926,0.4133,,3.53,3.75,4.18,4.83,0.65,,2026-01-13,0.018519
2026-01-14 00:00:00,1.4344,1.6283,1.8494,2.3028,0.415,,3.51,3.72,4.15,4.79,0.64,,2026-01-14,0.018494
2026-01-15 00:00:00,1.4241,1.628,1.8544,2.3058,0.4303,,3.56,3.77,4.17,4.79,0.61,,2026-01-15,0.018544
2026-01-16 00:00:00,1.4043,1.6099,1.8424,2.3036,0.4381,,3.59,3.82,4.24,4.83,0.65,,2026-01-16,0.018424
2026-01-19 00:00:00,1.4072,1.6098,1.8393,2.3417,0.4321,,,,,,,,2026-01-19,0.018393
2026-01-20 00:00:00,1.3949,1.6024,1.8326,2.3351,0.4377,,3.6,3.86,4.3,4.91,0.7,,2026-01-20,0.018326
2026-01-21 00:00:00,1.3994,1.6043,1.8312,2.3026,0.4318,,3.6,3.83,4.26,4.87,0.66,,2026-01-21,0.018312
2026-01-22 00:00:00,1.4034,1.6147,1.8425,2.3101,0.4391,,3.61,3.85,4.26,4.84,0.65,,2026-01-22,0.018425
2026-01-23 00:00:00,1.3959,1.5965,1.8298,2.2871,0.4339,,3.6,3.84,4.24,4.82,0.64,,2026-01-23,0.018298000000000002
2026-01-26 00:00:00,1.4034,1.5975,1.8242,2.27,0.4208,,3.56,3.82,4.22,4.8,0.66,,2026-01-26,0.018242
2026-01-27 00:00:00,1.4098,1.6015,1.8311,2.285,0.4213,,3.53,3.81,4.24,4.83,0.71,,2026-01-27,0.018311
2026-01-28 00:00:00,1.3988,1.5821,1.8164,2.277,0.4176,,3.56,3.83,4.26,4.85,0.7,,2026-01-28,0.018164
2026-01-29 00:00:00,1.3908,1.5784,1.8174,2.28,0.4266,,3.53,3.8,4.24,4.85,0.71,,2026-01-29,0.018174
2026-01-30 00:00:00,1.3765,1.5761,1.8112,2.289,0.4347,,3.52,3.79,4.26,4.87,0.74,,2026-01-30,0.018112
2026-02-02 00:00:00,1.3852,1.5768,1.82,2.281,0.4348,,3.57,3.83,4.29,4.9,0.72,,2026-02-02,0.0182
2026-02-03 00:00:00,1.3772,1.5721,1.8172,2.28,0.44,,3.57,3.83,4.28,4.9,0.71,,2026-02-03,0.018172
2026-02-04 00:00:00,1.3769,1.5748,1.8193,2.283,0.4424,,3.57,3.83,4.29,4.91,0.72,,2026-02-04,0.018193
2026-02-05 00:00:00,1.3634,1.5686,1.8169,2.271,0.4535,,3.47,3.74,4.21,4.85,0.74,,2026-02-05,0.018169
2026-02-06 00:00:00,1.3597,1.5552,1.8102,2.251,0.4505,,3.5,3.76,4.22,4.85,0.72,,2026-02-06,0.018102
2026-02-09 00:00:00,1.3577,1.5533,1.8114,2.248,0.4537,,3.48,3.75,4.22,4.85,0.74,,2026-02-09,0.018113999999999998
2026-02-10 00:00:00,1.3552,1.5487,1.8094,2.247,0.4542,,3.45,3.7,4.16,4.78,0.71,,2026-02-10,0.018094
2026-02-11 00:00:00,1.358,1.5435,1.7994,2.2455,0.4414,,3.52,3.75,4.18,4.82,0.66,,2026-02-11,0.017994
2026-02-12 00:00:00,1.3576,1.5387,1.7893,2.246,0.4317,,3.47,3.67,4.09,4.72,0.62,,2026-02-12,0.017893
2026-02-13 00:00:00,1.3577,1.544,1.7928,2.244,0.4351,,3.4,3.61,4.04,4.69,0.64,,2026-02-13,0.017928
2026-02-14 00:00:00,1.3542,1.5366,1.7899,2.246,0.4357,,,,,,,,2026-02-14,0.017899
2026-02-24 00:00:00,1.3569,1.536,1.8023,2.2426,0.4454,,3.43,3.61,4.04,4.7,0.61,,2026-02-24,0.018023
2026-02-25 00:00:00,1.3608,1.5495,1.8158,2.255,0.455,,3.45,3.61,4.05,4.7,0.6,,2026-02-25,0.018158
2026-02-26 00:00:00,1.3657,1.5626,1.8288,2.2951,0.4631,,3.42,3.57,4.02,4.67,0.6,,2026-02-26,0.018288
2026-02-27 00:00:00,1.3638,1.5499,1.7877,2.2896,0.4239,,3.38,3.51,3.97,4.64,0.59,,2026-02-27,0.017877
2026-02-28 00:00:00,1.3589,1.5425,1.7753,2.2726,0.4164,,,,,,,,2026-02-28,0.017753
2026-03-02 00:00:00,1.3579,1.5379,1.7761,2.2696,0.4182,,3.47,3.62,4.05,4.7,0.58,,2026-03-02,0.017761
2026-03-03 00:00:00,1.3508,1.5418,1.7807,2.2827,0.4299,,3.51,3.63,4.06,4.7,0.55,,2026-03-03,0.017807
2026-03-04 00:00:00,1.3349,1.5286,1.7768,2.2752,0.4419,,3.54,3.67,4.09,4.72,0.55,,2026-03-04,0.017768
2026-03-05 00:00:00,1.3486,1.5312,1.7779,2.2717,0.4293,,3.57,3.72,4.13,4.74,0.56,,2026-03-05,0.017779
2026-03-06 00:00:00,1.3432,1.5341,1.781,2.2812,0.4378,,3.56,3.72,4.15,4.77,0.59,,2026-03-06,0.01781
2026-03-09 00:00:00,1.3605,1.5596,1.8054,2.3292,0.4449,,3.56,3.71,4.12,4.72,0.56,,2026-03-09,0.018054
2026-03-10 00:00:00,1.3622,1.5552,1.8055,2.3328,0.4433,,3.57,3.73,4.15,4.78,0.58,,2026-03-10,0.018055
2026-03-11 00:00:00,1.3639,1.5608,1.8075,2.3503,0.4436,,3.64,3.79,4.21,4.86,0.57,,2026-03-11,0.018075
2026-03-12 00:00:00,1.3614,1.5506,1.8052,2.3404,0.4438,,3.76,3.88,4.27,4.88,0.51,,2026-03-12,0.018052
2026-03-13 00:00:00,1.3532,1.5619,1.8143,2.3665,0.4611,,3.73,3.87,4.28,4.9,0.55,,2026-03-13,0.018143
2026-03-16 00:00:00,1.3593,1.5793,1.8312,2.3917,0.4719,,3.68,3.8,4.23,4.86,0.55,,2026-03-16,0.018312
2026-03-17 00:00:00,1.3393,1.579,1.8314,2.3806,0.4921,,3.68,3.79,4.2,4.85,0.52,,2026-03-17,0.018314
2026-03-18 00:00:00,1.3205,1.5631,1.8175,2.3607,0.497,,3.76,3.87,4.26,4.88,0.5,,2026-03-18,0.018175
2026-03-19 00:00:00,1.3106,1.565,1.8252,2.391,0.5146,,3.79,3.88,4.25,4.83,0.46,,2026-03-19,0.018252
2026-03-20 00:00:00,1.3087,1.5625,1.8299,2.3881,0.5212,,3.88,4.01,4.39,4.96,0.51,,2026-03-20,0.018299
2026-03-23 00:00:00,1.3163,1.572,1.8316,2.373,0.5153,,3.83,3.95,4.34,4.91,0.51,,2026-03-23,0.018316
2026-03-24 00:00:00,1.3112,1.5767,1.8272,2.3457,0.516,,3.9,4.03,4.39,4.94,0.49,,2026-03-24,0.018272
2026-03-25 00:00:00,1.3123,1.572,1.8233,2.3457,0.511,,3.84,3.96,4.33,4.89,0.49,,2026-03-25,0.018233
2026-03-26 00:00:00,1.3023,1.5648,1.8194,2.3498,0.5171,,3.96,4.08,4.42,4.93,0.46,,2026-03-26,0.018194
2026-03-27 00:00:00,1.2964,1.5527,1.8172,2.3497,0.5208,,3.88,4.06,4.44,4.98,0.56,,2026-03-27,0.018172
2026-03-30 00:00:00,1.2672,1.529,1.8063,2.3286,0.5391,,3.82,3.97,4.35,4.91,0.53,,2026-03-30,0.018063
2026-03-31 00:00:00,1.2746,1.5388,1.8171,2.3521,0.5425,,3.79,3.92,4.3,4.88,0.51,,2026-03-31,0.018171
2026-04-01 00:00:00,1.285,1.5535,1.8244,2.3667,0.5394,,3.81,3.97,4.33,4.91,0.52,,2026-04-01,0.018244
2026-04-02 00:00:00,1.2899,1.5486,1.8209,2.3733,0.531,,3.79,3.94,4.31,4.88,0.52,,2026-04-02,0.018209
2026-04-03 00:00:00,1.3033,1.5457,1.8199,2.3725,0.5166,,3.84,3.99,4.35,4.91,0.51,,2026-04-03,0.018199
2026-04-07 00:00:00,1.3023,1.5488,1.8171,2.3597,0.5148,,3.81,3.95,4.33,4.9,0.52,,2026-04-07,0.018171
2026-04-08 00:00:00,1.3215,1.5534,1.8136,2.3377,0.4921,,3.79,3.92,4.29,4.89,0.5,,2026-04-08,0.018136
2026-04-09 00:00:00,1.3266,1.5585,1.8192,2.3393,0.4926,,3.78,3.91,4.29,4.9,0.51,,2026-04-09,0.018192
2026-04-10 00:00:00,1.3289,1.5533,1.8128,2.3055,0.4839,,3.81,3.94,4.31,4.91,0.5,,2026-04-10,0.018128
2026-04-13 00:00:00,1.3271,1.553,1.7933,2.2816,0.4662,,3.78,3.92,4.3,4.9,0.52,,2026-04-13,0.017932999999999998
2026-04-14 00:00:00,1.3204,1.5492,1.7829,2.2805,0.4625,,3.76,3.87,4.26,4.87,0.5,,2026-04-14,0.017828999999999998
2026-04-15 00:00:00,1.3108,1.5313,1.7809,2.2784,0.4701,,3.76,3.9,4.29,4.89,0.53,,2026-04-15,0.017809
2026-04-16 00:00:00,1.3084,1.521,1.7812,2.281,0.4728,,3.78,3.91,4.32,4.93,0.54,,2026-04-16,0.017811999999999998
2026-04-17 00:00:00,1.2936,1.4995,1.7623,2.25,0.4687,,3.71,3.84,4.26,4.88,0.55,,2026-04-17,0.017623
2026-04-20 00:00:00,1.2923,1.5012,1.7627,2.2556,0.4704,,3.72,3.86,4.26,4.88,0.54,,2026-04-20,0.017627
2026-04-21 00:00:00,1.2812,1.4924,1.751,2.2375,0.4698,,3.78,3.91,4.3,4.89,0.52,,2026-04-21,0.017509999999999998
2026-04-22 00:00:00,1.2601,1.4817,1.7389,2.2137,0.4788,,3.79,3.91,4.3,4.9,0.51,,2026-04-22,0.017388999999999998
2026-04-23 00:00:00,1.255,1.4795,1.7548,2.2353,0.4998,,3.83,3.96,4.34,4.92,0.51,,2026-04-23,0.017547999999999998
2026-04-24 00:00:00,1.2393,1.4799,1.7601,2.2472,0.5208,,3.78,3.92,4.31,4.91,0.53,,2026-04-24,0.017601
2026-04-27 00:00:00,1.259,1.4931,1.7697,2.2557,0.5107,,3.78,3.94,4.35,4.94,0.57,,2026-04-27,0.017697
2026-04-28 00:00:00,1.264,1.4862,1.7654,2.242,0.5014,,3.84,3.97,4.36,4.94,0.52,,2026-04-28,0.017654
2026-04-29 00:00:00,1.2565,1.471,1.7444,2.219,0.4879,,3.92,4.05,4.42,4.98,0.5,,2026-04-29,0.017444
2026-04-30 00:00:00,1.2552,1.4788,1.7473,2.218,0.4921,,3.88,4.02,4.4,4.98,0.52,,2026-04-30,0.017473000000000002
2026-05-06 00:00:00,1.2802,1.4903,1.7654,2.239,0.4852,,3.87,3.99,4.36,4.94,0.49,,2026-05-06,0.017654
2026-05-07 00:00:00,1.2721,1.4865,1.7631,2.238,0.491,,3.92,4.04,4.41,4.97,0.49,,2026-05-07,0.017630999999999997
2026-05-08 00:00:00,1.2808,1.4856,1.7648,2.2455,0.484,,3.9,4.02,4.38,4.95,0.48,,2026-05-08,0.017648
2026-05-09 00:00:00,1.2777,1.4858,1.767,2.248,0.4893,,,,,,,,2026-05-09,0.017669999999999998
2026-05-11 00:00:00,1.2779,1.4838,1.7622,2.2361,0.4843,,3.95,4.07,4.42,4.98,0.47,,2026-05-11,0.017622
2026-05-12 00:00:00,1.2776,1.4795,1.7592,2.232,0.4816,,4.0,4.12,4.46,5.03,0.46,,2026-05-12,0.017592
2026-05-13 00:00:00,1.2717,1.4736,1.7514,2.234,0.4797,,3.98,4.12,4.46,5.03,0.48,,2026-05-13,0.017514000000000002
2026-05-14 00:00:00,1.2743,1.4736,1.7588,2.241,0.4845,,4.0,4.13,4.47,5.02,0.47,,2026-05-14,0.017588
2026-05-15 00:00:00,1.2733,1.4703,1.7658,2.253,0.4925,,4.09,4.26,4.59,5.12,0.5,,2026-05-15,0.017658
2026-05-18 00:00:00,1.2684,1.457,1.7585,2.244,0.4901,,4.07,4.27,4.61,5.14,0.54,,2026-05-18,0.017585
2026-05-19 00:00:00,1.2617,1.4428,1.7345,2.221,0.4728,,4.13,4.32,4.67,5.18,0.54,,2026-05-19,0.017345
2026-05-20 00:00:00,1.2552,1.4369,1.7382,2.2311,0.483,,4.04,4.22,4.57,5.11,0.53,,2026-05-20,0.017381999999999998
2026-05-21 00:00:00,1.2583,1.4449,1.7448,2.231,0.4865,,4.08,4.25,4.57,5.1,0.49,,2026-05-21,0.017447999999999998
2026-05-22 00:00:00,1.2623,1.4576,1.7519,2.2345,0.4896,,4.13,4.27,4.56,5.07,0.43,,2026-05-22,0.017519
2026-05-25 00:00:00,1.2561,1.4558,1.7484,2.226,0.4923,,,,,,,,2026-05-25,0.017484
2026-05-26 00:00:00,1.2513,1.4495,1.7405,2.2205,0.4892,,4.01,4.19,4.5,5.03,0.49,,2026-05-26,0.017405
2026-05-27 00:00:00,1.2378,1.439,1.7216,2.208,0.4838,,4.0,4.17,4.48,5.01,0.48,,2026-05-27,0.017216
2026-05-28 00:00:00,1.2264,1.4255,1.7193,2.2095,0.4929,,3.99,4.15,4.45,4.98,0.46,,2026-05-28,0.017193
2026-05-29 00:00:00,1.2256,1.4189,1.709,2.205,0.4834,,3.98,4.13,4.45,4.99,0.47,,2026-05-29,0.01709
2026-06-01 00:00:00,1.2276,1.4194,1.7009,2.191,0.4733,,4.05,4.18,4.47,4.99,0.42,,2026-06-01,0.017009
2026-06-02 00:00:00,1.2285,1.4245,1.7036,2.191,0.4751,,4.05,4.17,4.46,4.97,0.41,,2026-06-02,0.017036
2026-06-03 00:00:00,1.2352,1.427,1.7128,2.205,0.4776,,4.08,4.21,4.49,4.99,0.41,,2026-06-03,0.017128
2026-06-04 00:00:00,1.2369,1.4166,1.7081,2.191,0.4712,,4.05,4.18,4.47,4.97,0.42,,2026-06-04,0.017081
2026-06-05 00:00:00,1.2376,1.4247,1.7207,2.204,0.4831,,4.17,4.29,4.55,5.01,0.38,,2026-06-05,0.017207
2026-06-08 00:00:00,1.2587,1.4353,1.7275,2.213,0.4688,,4.15,4.29,4.56,5.03,0.41,,2026-06-08,0.017275
2026-06-09 00:00:00,1.2706,1.4483,1.7376,2.22,0.467,,4.13,4.26,4.53,5.01,0.4,,2026-06-09,0.017376
2026-06-10 00:00:00,1.28,1.4616,1.7476,2.235,0.4676,,4.13,4.27,4.55,5.03,0.42,,2026-06-10,0.017476000000000002
2026-06-11 00:00:00,1.2881,1.4774,1.7475,2.238,0.4594,,4.05,4.18,4.45,4.95,0.4,,2026-06-11,0.017475
2026-06-12 00:00:00,1.2937,1.4776,1.7427,2.2215,0.449,,4.09,4.21,4.48,4.97,0.39,,2026-06-12,0.017426999999999998
2026-06-15 00:00:00,1.3012,1.4832,1.7446,2.2215,0.4434,,4.07,4.18,4.47,4.97,0.4,,2026-06-15,0.017446
2026-06-16 00:00:00,1.2832,1.4573,1.7324,2.2175,0.4492,,4.05,4.16,4.43,4.93,0.38,,2026-06-16,0.017324
2026-06-17 00:00:00,1.2662,1.4529,1.727,2.2181,0.4608,,4.2,4.27,4.49,4.93,0.29,,2026-06-17,0.01727
2026-06-18 00:00:00,1.2437,1.4407,1.7299,2.2201,0.4862,,4.19,4.23,4.46,4.9,0.27,,2026-06-18,0.017299
2026-06-22 00:00:00,1.2462,1.4409,1.7375,2.2216,0.4913,,4.24,4.29,4.51,4.95,0.27,,2026-06-22,0.017375
2026-06-23 00:00:00,1.2637,1.4488,1.7437,2.2291,0.48,,4.16,4.27,4.5,4.94,0.34,,2026-06-23,0.017437
2026-06-24 00:00:00,1.2562,1.4516,1.7454,2.2311,0.4892,,4.11,4.17,4.41,4.86,0.3,,2026-06-24,0.017454
2026-06-25 00:00:00,1.2527,1.4415,1.7351,2.2201,0.4824,,4.09,4.15,4.4,4.86,0.31,,2026-06-25,0.017351000000000002
2026-06-26 00:00:00,1.2462,1.435,1.7314,2.2176,0.4852,,4.07,4.12,4.38,4.87,0.31,,2026-06-26,0.017314
2026-06-29 00:00:00,1.2362,1.4151,1.717,2.209,0.4808,,4.1,4.14,4.38,4.86,0.28,,2026-06-29,0.01717
2026-06-30 00:00:00,1.2467,1.4366,1.733,2.236,0.4863,,4.14,4.19,4.44,4.91,0.3,,2026-06-30,0.01733
2026-07-01 00:00:00,1.257,1.4553,1.7448,2.2525,0.4878,,4.17,4.24,4.48,4.97,0.31,,2026-07-01,0.017447999999999998
2026-07-02 00:00:00,1.2471,1.4459,1.741,2.258,0.4939,,4.14,4.23,4.49,4.98,0.35,,2026-07-02,0.017410000000000002
2026-07-03 00:00:00,1.2473,1.448,1.7463,2.2685,0.499,,,,,,,,2026-07-03,0.017463
2026-07-06 00:00:00,1.2485,1.4413,1.7379,2.255,0.4894,,4.13,4.21,4.48,4.99,0.35,,2026-07-06,0.017379
2026-07-07 00:00:00,1.2489,1.4442,1.7406,2.2605,0.4917,,4.19,4.27,4.55,5.05,0.36,,2026-07-07,0.017405999999999998
2026-07-08 00:00:00,1.249,1.4418,1.7385,2.2545,0.4895,,4.21,4.31,4.56,5.06,0.35,,2026-07-08,0.017384999999999998
2026-07-09 00:00:00,1.2538,1.442,1.7376,2.2515,0.4838,,4.16,4.27,4.54,5.05,0.38,,2026-07-09,0.017376
2026-07-10 00:00:00,1.2615,1.4436,1.7398,2.253,0.4783,,4.21,4.3,4.56,5.06,0.35,,2026-07-10,0.017398
2026-07-13 00:00:00,1.2666,1.4492,1.7442,2.263,0.4776,,4.26,4.37,4.62,5.1,0.36,,2026-07-13,0.017442
2026-07-14 00:00:00,1.2698,1.4477,1.7402,2.2555,0.4704,,4.18,4.31,4.58,5.08,0.4,,2026-07-14,0.017402
2026-07-15 00:00:00,1.271,1.4426,1.7406,2.247,0.4696,,4.13,4.26,4.55,5.08,0.42,,2026-07-15,0.017405999999999998
2026-07-16 00:00:00,1.2706,1.4426,1.7437,2.2515,0.4731,,4.16,4.28,4.57,5.09,0.41,,2026-07-16,0.017437
2026-07-17 00:00:00,1.2645,1.4466,1.7404,2.2425,0.4759,,4.18,4.28,4.55,5.06,0.37,,2026-07-17,0.017404
2026-07-20 00:00:00,1.2691,1.4486,1.7453,2.2495,0.4762,,4.21,4.33,4.6,5.11,0.39,,2026-07-20,0.017453
2026-07-21 00:00:00,1.2689,1.4436,1.745,2.2475,0.4761,,4.26,4.37,4.63,5.13,0.37,,2026-07-21,0.01745
2026-07-22 00:00:00,1.2649,1.4336,1.7297,2.212,0.4648,,4.31,4.41,4.67,5.15,0.36,,2026-07-22,0.017297
2026-07-23 00:00:00,1.2691,1.4401,1.7325,2.2045,0.4634,,4.37,4.46,4.71,5.17,0.34,,2026-07-23,0.017325
2026-07-24 00:00:00,1.2693,1.4381,1.7282,2.187,0.4589,,4.33,4.43,4.69,5.16,0.36,,2026-07-24,0.017282
