date,open,close,high,low,volume
2020-07-27,6918.050,6774.78,7014.840,6677.160,33996718926.000
2020-07-28,6930.580,7012.62,7012.620,6902.570,31258068018.000
2020-07-29,6971.980,7085.15,7099.940,6951.100,27630978071.000
2020-07-30,7160.240,7100.21,7244.190,7083.790,33183331148.000
2020-07-31,7193.550,7155.03,7285.560,7108.150,30021155569.000
2020-08-03,7255.440,7292.45,7311.530,7127.200,37492356926.000
2020-08-04,7390.330,7436.59,7448.950,7330.110,42416721559.000
2020-08-05,7488.740,7547.2,7547.200,7398.660,38104773642.000
2020-08-06,7579.880,7576.84,7588.850,7420.510,37406633787.000
2020-08-07,7551.800,7386.66,7551.800,7144.760,70178609194.000
2020-08-10,7279.540,7176.17,7279.540,7119.290,49962010276.000
2020-08-11,7217.050,7129.84,7274.640,7085.290,34138386619.000
2020-08-12,7086.930,7010.72,7086.930,6833.880,36322573807.000
2020-08-13,7116.740,7031.81,7133.180,7008.400,30799262896.000
2020-08-14,7019.180,7038.26,7091.000,6975.840,24645903322.000
2020-08-17,7037.860,7075.03,7117.170,7004.770,30808865651.000
2020-08-18,7147.730,7196.01,7196.010,7075.060,43286242318.000
2020-08-19,7187.710,7150.41,7251.570,7131.430,30192498414.000
2020-08-20,7183.250,7167.6,7183.250,7060.780,30889528746.000
2020-08-21,7205.570,7168.87,7208.730,7104.010,39589425093.000
2020-08-24,7247.600,7329.91,7332.190,7198.760,56436028552.000
2020-08-25,7348.100,7223.67,7355.490,7153.690,44702265398.000
2020-08-26,7311.500,7275.44,7326.570,7219.820,46129333343.000
2020-08-27,7352.090,7540.86,7574.230,7311.000,53847079197.000
2020-08-28,7521.870,7580.9,7745.920,7430.020,59077048315.000
2020-08-31,7746.630,7543.86,7771.280,7543.860,51557261448.000
2020-09-01,7556.900,7674.71,7683.660,7526.330,43257921707.000
2020-09-02,7874.070,7909.39,7909.390,7764.780,47394135603.000
2020-09-03,7889.480,7706.06,7889.480,7678.150,47776283772.000
2020-09-04,7342.830,7588.02,7622.350,7290.830,90576490999.000
2020-09-07,7481.190,7240.96,7487.950,7213.810,59922354878.000
2020-09-08,7301.720,7123.28,7326.010,7007.090,45807037629.000
2020-09-09,6984.190,7015.64,7086.740,6906.750,38553288243.000
2020-09-10,7133.840,6999.72,7200.800,6994.630,30700239844.000
2020-09-11,7001.260,7178.27,7195.960,6986.970,29193159907.000
2020-09-14,7235.430,7317.31,7345.080,7232.970,32177797435.000
2020-09-15,7327.130,7348.72,7374.480,7281.240,37439527704.000
2020-09-16,7401.880,7430.09,7464.420,7370.020,31676459245.000
2020-09-17,7403.110,7301.56,7433.000,7245.870,29872475797.000
2020-09-18,7314.720,7371.82,7371.820,7237.950,36083178454.000
2020-09-21,7408.780,7195.75,7422.870,7188.840,29079648084.000
2020-09-22,7202.010,7233.32,7319.080,7144.890,23895000224.000
2020-09-23,7270.290,7298.62,7327.990,7235.370,24246687692.000
2020-09-24,7218.710,7054.28,7223.840,7051.110,28707589598.000
2020-09-25,7110.420,6918.77,7134.450,6860.750,25978384815.000
2020-09-28,6921.460,6978.59,6998.210,6897.620,22131828687.000
2020-09-29,7063.950,6977.3,7078.740,6965.700,19504610381.000
2020-09-30,7017.170,7087.64,7143.140,6981.220,28785341208.000
2020-10-05,7255.730,7092.06,7255.730,7049.820,26841057144.000
2020-10-06,7154.800,7336.35,7350.200,7141.420,23725819659.000
2020-10-07,7358.220,7494.59,7494.590,7300.090,27067897421.000
2020-10-08,7527.520,7511.11,7527.520,7438.450,23547206387.000
2020-10-09,7567.750,7503.27,7597.290,7467.870,33374242469.000
2020-10-12,7575.670,7748.85,7749.980,7575.670,39308018582.000
2020-10-14,7878.840,7819.84,7878.840,7725.800,46173015080.000
2020-10-15,7766.270,7541.04,7769.070,7504.740,35448238078.000
2020-10-16,7661.680,7604.61,7675.580,7540.760,25269710808.000
2020-10-19,7687.370,7570.71,7723.860,7559.620,27300801690.000
2020-10-20,7592.770,7644.48,7644.480,7516.300,24623499109.000
2020-10-21,7707.120,7618.06,7732.200,7609.390,24737162323.000
2020-10-22,7624.140,7620.34,7624.140,7495.480,23183394450.000
2020-10-23,7600.350,7484.48,7600.350,7441.650,21142866427.000
2020-10-27,7457.470,7547.66,7603.440,7449.860,35949373667.000
2020-10-28,7577.040,7656.45,7694.830,7520.690,43179391727.000
2020-10-29,7508.240,7675.42,7729.820,7485.710,42676357380.000
2020-10-30,7691.830,7534.39,7778.820,7509.780,48789231242.000
2020-11-02,7601.140,7585.76,7643.020,7474.700,29395564722.000
2020-11-03,7626.980,7714.73,7774.110,7626.980,35943762224.000
2020-11-04,7594.790,7758.72,7817.480,7574.610,76188310121.000
2020-11-05,8062.580,8181.62,8181.620,8045.110,62413987339.000
2020-11-06,8200.200,8152.54,8229.280,8020.850,53585623900.000
2020-11-09,8325.850,8394.19,8524.940,8324.450,54645910466.000
2020-11-10,8214.520,7961.74,8214.520,7841.110,85029066673.000
2020-11-11,7724.610,7465.44,7827.500,7450.350,110960443492.000
2020-11-12,7679.100,7706.58,7812.500,7672.130,58508505071.000
2020-11-13,7772.010,7939.72,7939.720,7714.360,51916188437.000
2020-11-16,8075.930,8075.83,8079.540,7890.320,44595911963.000
2020-11-17,8044.210,7933.13,8044.210,7838.900,45546470750.000
2020-11-18,7940.060,7972.21,7986.660,7885.910,32974624891.000
2020-11-19,7946.250,7903.37,7946.250,7799.560,33253566706.000
2020-11-20,7975.980,7997.52,8038.460,7949.210,34896256494.000
2020-11-23,8100.090,8088.86,8105.540,8038.790,49194082193.000
2020-11-24,8186.200,8107.1,8186.200,8044.510,42682643140.000
2020-11-25,8131.230,7921.35,8159.030,7869.310,46342067395.000
2020-11-26,7983.530,8057.14,8057.140,7936.820,29055268302.000
2020-11-27,8075.110,8090.05,8139.550,8042.460,26281483194.000
2020-11-30,8095.440,8019.36,8143.400,7993.320,55720967015.000
2020-12-01,8041.660,7985.36,8049.230,7941.870,41847155152.000
2020-12-02,7998.060,7848.25,7998.060,7820.790,71659857931.000
2020-12-03,7895.370,7940.19,7942.150,7869.100,36755762346.000
2020-12-04,7969.580,7952.8,8012.790,7928.560,51237685495.000
2020-12-07,7974.950,7944.79,8011.290,7847.390,35671294629.000
2020-12-08,7939.810,8085.11,8136.730,7916.240,33127678802.000
2020-12-09,8144.800,8101.77,8206.080,8066.770,38847417392.000
2020-12-10,8004.560,8025.83,8044.070,7955.620,31430191229.000
2020-12-11,8123.040,8080.6,8143.590,8037.630,33841559487.000
2020-12-14,8056.270,8128.81,8156.090,8005.060,47593017893.000
2020-12-15,8149.850,8094.42,8149.850,8028.900,49388023603.000
2020-12-16,8158.800,8146.4,8173.260,8085.680,36351689344.000
2020-12-17,8205.810,8332.66,8332.660,8186.120,33447926964.000
2020-12-18,8324.890,8253.83,8345.770,8221.540,43652526733.000
2020-12-21,8243.120,8159.95,8277.370,8159.950,35438935496.000
2020-12-22,8164.530,8186.66,8253.320,8091.290,33001028572.000
2020-12-23,8207.800,8426.07,8480.350,8204.420,43923247106.000
2020-12-24,8348.440,8142.81,8352.800,8122.620,46077806437.000
2020-12-28,8063.450,7795.78,8070.260,7768.810,92954424469.000
2020-12-29,7908.690,7997.83,8072.710,7908.690,55339244949.000
2020-12-30,8078.280,8295.37,8311.500,8078.280,55935632106.000
2020-12-31,8332.260,8425.9,8445.600,8332.010,31497337300.000
2021-01-04,8376.850,8489.69,8544.870,8360.830,51526633124.000
2021-01-05,8422.180,8463.55,8504.650,8385.740,51318472393.000
2021-01-06,8574.370,8609.6,8699.840,8510.400,68493922252.000
2021-01-07,8559.090,8400.85,8559.090,8301.000,69047930026.000
2021-01-08,8450.050,8630.32,8694.400,8450.050,57253476560.000
2021-01-11,8730.590,8665.47,8839.760,8614.550,68429159706.000
2021-01-12,8685.240,8726.64,8758.240,8619.410,48563669125.000
2021-01-13,8781.510,8669.71,8813.340,8600.120,48662224509.000
2021-01-14,8774.840,8895.21,8901.830,8711.660,63683822032.000
2021-01-15,8814.550,8775.54,8818.390,8640.520,89639438909.000
2021-01-18,8715.320,9116.24,9122.710,8688.630,74079139560.000
2021-01-19,9228.150,9374.79,9526.280,9228.150,91602051044.000
2021-01-20,9493.740,9885.22,9885.220,9474.550,107762991859.000
2021-01-21,9915.870,9809.84,9981.710,9736.290,79566723943.000
2021-01-22,9811.680,9765.76,9952.940,9707.080,69546263313.000
2021-01-25,9841.330,10206.61,10228.700,9841.330,101693414752.000
2021-01-26,10142.510,9967.45,10279.960,9843.290,89667265884.000
2021-01-27,10055.500,9807.73,10057.240,9603.170,79189368963.000
2021-01-28,9564.890,9372.88,9791.850,9339.480,80134130164.000
2021-01-29,9543.200,9358.11,9709.450,9283.930,66996702156.000
2021-02-01,9438.360,9765.89,9792.880,9385.430,59574982177.000
2021-02-02,9987.000,9976.44,10096.400,9951.120,65321640033.000
2021-02-03,10056.560,10125.72,10137.860,9907.630,63594835612.000
2021-02-04,10034.240,9897.37,10042.800,9678.400,79612944255.000
2021-02-05,9935.470,9795.16,9996.240,9770.240,57066007799.000
2021-02-08,9930.310,9756.81,9947.750,9727.460,39239686555.000
2021-02-09,9810.070,9961.71,9970.910,9780.070,32446038425.000
2021-02-10,10100.710,10214.73,10219.760,10021.700,47238138329.000
2021-02-11,10219.060,10411.2,10411.200,10094.850,28510670338.000
2021-02-16,10620.970,10694.68,10785.980,10585.650,67255634801.000
2021-02-17,10658.240,10945.22,10945.220,10555.630,58364758325.000
2021-02-18,10964.670,10591.53,11001.780,10565.400,72763176773.000
2021-02-19,10517.130,10560.97,10560.970,10214.360,68067726106.000
2021-02-22,10686.390,9977.41,10686.390,9977.410,77599968386.000
2021-02-23,9786.090,9863.82,10000.120,9637.210,65958967389.000
2021-02-24,9931.550,9360.95,9988.840,9201.580,95601372591.000
2021-02-25,9606.370,9496.79,9665.980,9380.890,58866567343.000
2021-02-26,9052.150,8954.44,9184.170,8937.090,93479568937.000
2021-03-01,9209.950,9298.79,9312.060,9130.980,62255667943.000
2021-03-02,9570.950,9257.99,9629.890,9221.540,61117954697.000
2021-03-03,9282.480,9366.51,9368.760,9117.000,41808773487.000
2021-03-04,9149.650,8819.62,9150.360,8807.470,61941194126.000
2021-03-05,8500.510,8634.22,8774.200,8384.910,63990114515.000
2021-03-08,8736.530,8081.63,8748.880,8023.240,81619903601.000
2021-03-09,8029.830,8063.12,8324.100,7706.830,84042541525.000
2021-03-10,8526.690,8216.58,8526.690,8174.610,56565262145.000
2021-03-11,8232.880,8640.16,8652.110,8219.810,69493819678.000
2021-03-12,8836.770,8456.43,8894.410,8449.290,75069428095.000
2021-03-15,8549.040,8264.42,8607.840,8171.970,69100174418.000
2021-03-16,8405.940,8530.82,8549.580,8405.940,43407294242.000
2021-03-17,8523.480,8574.04,8643.750,8402.950,39457042578.000
2021-03-18,8689.320,8676.33,8819.380,8643.420,58313080420.000
2021-03-19,8516.420,8551.32,8597.790,8387.790,56879429441.000
2021-03-22,8529.340,8508.85,8646.100,8441.960,33554013141.000
2021-03-23,8580.990,8295.42,8584.660,8223.000,41157675037.000
2021-03-24,8283.700,8040.99,8328.410,7981.650,48382671421.000
2021-03-25,7812.590,7944.8,7995.820,7642.570,64455739707.000
2021-03-26,7985.260,8129.63,8206.020,7955.340,52125142766.000
2021-03-29,8110.960,7981.07,8160.820,7906.570,54561941973.000
2021-03-30,8077.650,8180.32,8239.150,8045.830,45705526822.000
2021-03-31,8283.460,8183.8,8343.460,8151.330,42717539470.000
2021-04-01,8336.000,8569.64,8569.730,8308.080,57703871408.000
2021-04-07,8650.500,8451.85,8669.170,8421.210,51432511998.000
2021-04-08,8375.560,8458.11,8524.030,8338.030,173630926670.000
2021-04-09,8503.030,8305.93,8503.030,8246.540,36746308582.000
2021-04-12,8365.230,8169.5,8374.970,8137.170,61327796061.000
2021-04-13,8175.370,8038.81,8233.380,8018.650,47257402758.000
2021-04-14,8191.800,8225.67,8293.810,8176.630,39338377301.000
2021-04-15,8212.390,8142.92,8212.390,8023.970,32466507474.000
2021-04-16,8135.420,8232.13,8250.130,8117.830,40247367178.000
2021-04-19,8206.450,8346.39,8406.120,8145.270,41104063905.000
2021-04-20,8272.340,8311.69,8354.440,8249.220,94736823011.000
2021-04-21,8161.730,8185.0,8222.840,8113.460,41917379019.000
2021-04-22,8263.030,8279.74,8314.540,8200.210,32855967511.000
2021-04-23,8312.990,8467.75,8506.390,8299.720,39861211399.000
2021-04-26,8527.830,8485.24,8612.360,8461.700,40163747229.000
2021-04-27,8486.640,8516.45,8571.050,8418.320,37742163992.000
2021-04-28,8531.360,8532.76,8565.310,8487.530,36273267131.000
2021-04-29,8585.770,8500.13,8599.890,8468.400,26079622111.000
2021-04-30,8435.370,8313.18,8440.300,8300.330,26873872454.000
2021-05-03,8314.650,8227.89,8323.990,8188.440,17024181826.000
2021-05-04,8231.320,8284.12,8295.950,8187.800,15249060639.000
2021-05-05,8180.230,8107.9,8240.290,8096.390,22351526719.000
2021-05-06,8164.630,8136.87,8232.760,8065.800,36744776422.000
2021-05-07,8158.710,7954.82,8158.710,7934.460,36646631554.000
2021-05-10,7987.350,7886.02,8045.170,7841.340,51504420147.000
2021-05-11,7673.060,7649.68,7673.060,7533.210,61845117503.000
2021-05-12,7755.310,7861.18,7868.980,7723.660,50509746648.000
2021-05-13,7699.220,7599.62,7738.780,7597.260,34141690502.000
2021-05-14,7548.110,7565.31,7590.530,7433.440,46135517680.000
2021-05-17,7628.910,7699.96,7738.080,7602.060,39412319908.000
2021-05-18,7764.250,7817.69,7825.640,7741.870,28141170520.000
2021-05-20,7810.780,7915.72,7939.080,7795.830,46908930600.000
2021-05-21,8016.440,8025.31,8048.640,7945.270,56413499671.000
2021-05-24,7961.230,7876.61,7998.240,7800.370,30827833985.000
2021-05-25,7884.970,8004.37,8024.630,7846.990,47568339560.000
2021-05-26,8044.390,8072.46,8092.550,7993.660,42842844748.000
2021-05-27,8082.330,8123.88,8132.890,8033.360,65854626441.000
2021-05-28,8135.720,7957.63,8136.360,7942.250,39632993204.000
2021-05-31,8036.810,8104.35,8105.520,7991.080,43543010391.000
2021-06-01,8141.800,8305.74,8311.710,8132.190,51494209717.000
2021-06-02,8338.030,8235.1,8338.030,8201.540,40443721888.000
2021-06-03,8227.630,8164.34,8316.210,8140.480,39274677334.000
2021-06-04,8080.000,8095.64,8195.370,8059.760,59047420042.000
2021-06-07,8106.010,8042.73,8120.510,7988.960,43393560341.000
2021-06-08,8079.960,7981.01,8100.210,7935.760,26661503522.000
2021-06-09,7970.550,7972.09,8009.220,7926.250,24649245406.000
2021-06-10,7991.270,7969.17,8048.200,7933.710,28997499301.000
2021-06-11,8017.110,7991.12,8065.260,7958.830,32720367814.000
2021-06-15,8036.320,7961.02,8038.700,7850.640,30270336582.000
2021-06-16,7922.420,7830.67,7931.530,7816.770,28697213097.000
2021-06-17,7776.480,7901.52,7901.520,7747.450,34803057253.000
2021-06-18,7991.030,8041.45,8075.460,7973.410,53041285601.000
2021-06-21,7955.060,7955.95,7992.790,7885.410,38412523368.000
2021-06-22,7961.520,7812.23,7961.520,7808.260,39098933187.000
2021-06-23,7868.360,8020.23,8030.900,7836.940,39004755124.000
2021-06-24,8045.780,8039.76,8080.010,8004.000,29114887977.000
2021-06-25,8105.220,8235.63,8243.810,8095.300,46792746484.000
2021-06-28,8284.500,8276.63,8316.610,8231.200,25651789372.000
2021-06-29,8299.520,8201.05,8330.920,8168.090,33743488541.000
2021-06-30,8249.780,8155.37,8260.280,8145.770,30848549434.000
2021-07-02,8137.630,7892.4,8137.630,7856.770,47603095598.000
2021-07-05,7832.430,7712.19,7842.100,7665.730,56338435960.000
2021-07-06,7700.960,7646.94,7709.410,7570.700,34915218393.000
2021-07-07,7555.250,7603.77,7608.420,7499.800,40644694035.000
2021-07-08,7548.540,7321.98,7559.800,7301.850,64162048245.000
2021-07-09,7295.500,7429.49,7450.480,7152.110,64307934075.000
2021-07-12,7520.260,7514.15,7555.220,7410.210,43257417734.000
2021-07-13,7554.720,7659.59,7721.170,7524.660,48811579747.000
2021-07-14,7677.740,7667.56,7706.210,7642.650,37374225686.000
2021-07-15,7670.520,7661.25,7705.100,7634.880,38195530513.000
2021-07-16,7639.310,7614.35,7675.810,7583.680,42307372933.000
2021-07-19,7509.750,7431.99,7511.470,7408.190,39516080284.000
2021-07-20,7403.790,7337.55,7465.830,7274.060,31176968869.000
2021-07-21,7380.330,7327.7,7404.260,7277.520,34348800303.000
2021-07-22,7417.240,7490.13,7490.130,7405.440,29449106385.000
2021-07-23,7495.420,7268.14,7495.420,7233.420,31335615848.000
2021-07-26,7038.320,6790.96,7038.320,6752.620,103783708370.000
2021-07-27,6667.970,6249.65,6773.970,6118.100,150772107880.000
2021-07-28,6397.650,6443.31,6493.050,6204.560,117189803917.000
2021-07-29,6827.160,6958.77,6958.770,6736.900,98891361365.000
2021-07-30,6824.840,6780.97,6824.840,6614.990,55816922784.000
2021-08-02,6791.010,6796.25,6821.600,6672.200,41072258301.000
2021-08-03,6838.760,6696.66,6838.760,6557.670,83255703892.000
2021-08-04,6645.890,6859.4,6932.310,6610.040,51161924328.000
2021-08-05,6835.520,6715.33,6914.530,6680.420,54371109406.000
2021-08-06,6755.310,6697.1,6755.310,6644.740,51650175073.000
2021-08-09,6609.650,6664.91,6749.900,6558.230,48633597917.000
2021-08-10,6773.140,6830.15,6837.150,6682.620,54865201856.000
2021-08-11,6798.280,6820.68,6884.370,6764.440,35267619736.000
2021-08-12,6804.510,6719.19,6825.770,6680.940,31192955317.000
2021-08-13,6634.410,6589.54,6669.370,6531.950,36722291916.000
2021-08-16,6562.400,6420.14,6562.400,6389.740,39321703395.000
2021-08-17,6367.530,6218.89,6393.180,6180.970,50420570266.000
2021-08-18,6242.540,6226.69,6298.710,6193.320,33333238632.000
2021-08-19,6209.670,6044.03,6259.030,6012.440,51362220943.000
2021-08-20,6020.960,5895.06,6021.900,5769.650,63738906225.000
2021-08-23,6010.780,6021.27,6158.630,5990.780,54324926871.000
2021-08-24,6171.400,6446.18,6446.180,6171.010,62952590539.000
2021-08-25,6609.640,6458.97,6671.200,6410.070,61636782964.000
2021-08-26,6492.160,6337.03,6492.160,6268.700,41746438931.000
2021-08-27,6336.680,6322.28,6460.350,6282.020,39355335003.000
2021-08-30,6327.870,6391.17,6416.950,6287.590,32915329010.000
2021-08-31,6401.960,6607.78,6607.780,6297.450,72878215108.000
2021-09-01,6633.470,6693.66,6759.260,6584.320,58734541728.000
2021-09-02,6824.570,6801.47,6907.800,6747.020,57452516622.000
2021-09-03,6778.130,6728.84,6778.130,6669.790,50249644373.000
2021-09-06,6687.530,6778.49,6780.160,6669.470,37976690062.000
2021-09-07,6814.060,6887.94,6933.330,6812.590,43214046786.000
2021-09-08,6930.720,6871.28,6958.010,6807.110,45193129652.000
2021-09-09,6732.150,6560.39,6740.810,6545.340,57590825236.000
2021-09-10,6618.740,6748.36,6749.600,6618.740,40197795626.000
2021-09-13,6648.440,6595.03,6648.440,6498.600,37372835181.000
2021-09-14,6621.270,6502.35,6631.160,6457.140,29889045043.000
2021-09-15,6425.220,6298.09,6433.480,6282.820,39507261475.000
2021-09-16,6303.820,6232.93,6342.910,6161.180,31881985197.000
2021-09-17,6240.240,6452.19,6462.640,6214.060,50285044026.000
2021-09-20,6379.630,6271.37,6379.630,6156.930,23431475848.000
2021-09-21,6147.520,6242.61,6272.610,6124.650,24429007127.000
2021-09-23,6369.070,6300.49,6440.990,6247.320,35946314642.000
2021-09-24,6289.860,6159.96,6317.540,6129.890,30113061918.000
2021-09-27,6148.610,6103.89,6236.890,6078.660,33708219668.000
2021-09-28,6150.980,6231.55,6272.470,6129.130,33755767406.000
2021-09-29,6111.290,6179.43,6179.430,6016.250,24914612932.000
2021-09-30,6057.500,6101.52,6146.340,6035.750,26927478633.000
2021-10-04,6054.190,5973.8,6071.090,5936.810,24924964021.000
2021-10-05,5852.970,5955.22,5970.050,5824.600,22455627344.000
2021-10-06,5998.920,5866.15,6009.030,5855.220,19200409269.000
2021-10-07,5987.700,6172.04,6189.270,5975.230,27575291537.000
2021-10-08,6301.870,6206.77,6301.870,6134.750,45045331103.000
2021-10-11,6303.670,6403.69,6448.160,6303.670,58228655930.000
2021-10-12,6270.390,6199.75,6317.780,6179.360,36486213369.000
2021-10-15,6282.220,6318.91,6318.910,6223.040,45727578934.000
2021-10-18,6346.490,6324.27,6346.490,6206.040,29215831573.000
2021-10-19,6349.320,6518.59,6521.010,6334.290,30968707992.000
2021-10-20,6612.970,6691.33,6735.200,6612.940,59576340584.000
2021-10-21,6704.990,6636.18,6713.930,6555.140,37827489769.000
2021-10-22,6673.860,6754.34,6784.890,6666.010,28342238163.000
2021-10-25,6722.500,6744.74,6794.800,6685.840,26400209204.000
2021-10-26,6749.350,6654.19,6770.790,6616.450,26669158673.000
2021-10-27,6532.770,6441.62,6532.770,6395.620,31031992961.000
2021-10-28,6484.060,6445.17,6540.830,6409.000,22636497382.000
2021-10-29,6424.230,6375.85,6442.690,6362.010,26634798061.000
2021-11-01,6339.810,6279.39,6339.810,6236.140,27180339784.000
2021-11-02,6463.030,6314.31,6532.050,6287.790,38709102255.000
2021-11-03,6309.580,6273.44,6343.640,6189.940,29928492461.000
2021-11-04,6322.650,6375.32,6383.190,6313.690,25638942598.000
2021-11-05,6295.680,6276.52,6353.680,6244.660,28752383216.000
2021-11-08,6238.310,6193.98,6239.690,6164.090,28724157205.000
2021-11-09,6240.550,6221.85,6260.780,6151.640,22296554498.000
2021-11-10,6209.090,6349.94,6355.500,6152.220,31677845755.000
2021-11-11,6281.340,6464.53,6504.590,6272.930,40108633526.000
2021-11-12,6576.310,6565.53,6604.100,6495.250,38006290553.000
2021-11-15,6603.570,6601.15,6642.870,6564.110,27654682845.000
2021-11-16,6612.390,6712.31,6724.950,6588.830,36808694619.000
2021-11-17,6672.320,6672.28,6683.520,6601.910,27269790401.000
2021-11-18,6546.190,6474.55,6546.750,6448.350,32334442150.000
2021-11-19,6371.120,6457.97,6457.970,6341.950,40841178775.000
2021-11-22,6456.970,6410.89,6460.130,6380.030,35784450902.000
2021-11-23,6315.780,6323.48,6340.530,6281.360,34496868882.000
2021-11-24,6317.250,6292.16,6369.530,6269.610,48685405016.000
2021-11-25,6302.970,6358.54,6370.380,6267.050,27408793899.000
2021-11-26,6292.960,6151.99,6292.960,6149.860,39122066487.000
2021-11-29,6098.720,6099.35,6221.930,6071.830,41460040244.000
2021-11-30,6076.790,6028.63,6127.120,5922.260,54523713358.000
2021-12-01,6036.580,6058.8,6117.350,6011.060,35752187265.000
2021-12-02,5986.140,6017.56,6044.630,5961.030,34186383089.000
2021-12-03,5948.620,5925.52,5948.620,5855.730,52018900472.000
2021-12-06,5773.630,5727.49,5835.550,5710.190,54967944755.000
2021-12-07,5846.180,5968.5,5968.500,5796.260,45488975468.000
2021-12-08,5999.530,5970.23,6018.520,5950.800,29840301384.000
2021-12-09,6024.760,6103.16,6118.930,6024.760,27138935619.000
2021-12-10,6058.030,6035.23,6122.970,6004.990,28175033902.000
2021-12-13,6089.330,6022.23,6160.950,6019.730,33708761748.000
2021-12-14,5938.330,5884.82,5979.350,5863.060,26130876986.000
2021-12-15,5863.610,5795.44,5904.960,5757.090,25444099161.000
2021-12-16,5743.200,5822.14,5834.930,5681.400,30207823867.000
2021-12-17,5775.400,5680.47,5775.400,5662.900,39341820070.000
2021-12-20,5644.120,5498.49,5687.600,5474.310,28721093563.000
2021-12-21,5467.210,5612.69,5656.570,5456.110,29745271878.000
2021-12-22,5729.240,5685.29,5750.260,5632.310,24530714627.000
2021-12-23,5667.560,5638.31,5708.370,5589.860,36472217457.000
2021-12-24,5692.180,5619.39,5693.690,5614.740,12858407448.000
2021-12-28,5635.130,5569.42,5660.660,5528.960,24825735179.000
2021-12-29,5559.330,5471.87,5559.800,5455.470,15997592233.000
2021-12-30,5470.580,5475.7,5534.310,5427.940,14567517193.000
2021-12-31,5693.660,5670.96,5723.500,5668.340,17224831417.000
2022-01-03,5704.380,5640.47,5741.800,5609.790,11729074986.000
2022-01-04,5665.890,5581.9,5678.690,5550.560,19919922543.000
2022-01-05,5501.750,5323.47,5505.460,5306.250,43006838680.000
2022-01-06,5285.430,5396.65,5410.440,5230.940,35103010550.000
2022-01-07,5470.060,5503.91,5517.490,5399.220,33719642452.000
2022-01-10,5499.950,5625.5,5643.250,5460.700,30326211303.000
2022-01-11,5597.180,5619.67,5664.760,5564.640,25574497315.000
2022-01-12,5750.010,5899.82,5902.240,5750.010,44561899496.000
2022-01-13,5920.510,5796.78,5923.450,5750.240,29324714389.000
2022-01-14,5649.350,5769.05,5769.050,5606.300,26861352106.000
2022-01-17,5752.410,5724.5,5778.480,5678.190,19540989477.000
2022-01-18,5749.820,5698.54,5834.810,5677.010,28939045613.000
2022-01-19,5716.160,5642.91,5750.480,5612.360,25929426114.000
2022-01-20,5692.560,5896.71,5902.630,5652.660,48700156314.000
2022-01-21,5840.580,5870.57,5908.290,5789.560,42444272389.000
2022-01-24,5749.700,5703.63,5760.650,5688.930,30570741056.000
2022-01-25,5592.170,5552.68,5638.120,5490.940,36020613727.000
2022-01-26,5581.670,5597.03,5665.590,5526.260,30322380233.000
2022-01-27,5471.500,5383.63,5485.770,5322.150,37877758230.000
2022-01-28,5360.710,5291.7,5373.830,5228.190,28188625830.000
2022-01-31,5332.840,5416.29,5450.470,5304.620,19561404105.000
2022-02-04,5555.180,5581.63,5591.660,5463.490,25175843165.000
2022-02-07,5583.000,5529.51,5591.340,5451.680,26687255563.000
2022-02-08,5497.320,5436.92,5503.400,5387.090,25584118052.000
2022-02-09,5559.830,5635.5,5648.360,5559.830,33305094157.000
2022-02-10,5721.070,5666.99,5726.590,5579.840,28054425483.000
2022-02-11,5619.980,5597.05,5665.520,5536.200,24478223957.000
2022-02-14,5499.940,5502.18,5536.330,5451.810,20219455847.000
2022-02-15,5464.630,5490.28,5549.660,5460.100,17940199840.000
2022-02-16,5597.020,5616.38,5626.480,5572.770,19321380665.000
2022-02-17,5608.520,5662.28,5676.450,5576.310,19201227858.000
2022-02-18,5611.480,5479.9,5664.610,5446.920,41446932717.000
2022-02-21,5395.850,5327.44,5459.280,5298.320,52041652111.000
2022-02-22,5207.500,5226.7,5269.300,5160.340,41626551686.000
2022-02-23,5234.980,5299.24,5325.610,5200.680,31306424172.000
2022-02-24,5163.460,5069.79,5210.720,5015.990,43198919277.000
2022-02-25,5157.110,5112.62,5209.670,5107.350,31938176236.000
2022-02-28,5134.830,5118.02,5144.020,5028.610,36342044599.000
2022-03-01,5136.660,5155.69,5190.180,5100.910,25964158092.000
2022-03-02,5131.280,5015.74,5162.070,5007.110,27537074202.000
2022-03-03,5025.970,4957.61,5052.160,4933.190,27589222768.000
2022-03-04,4763.470,4737.93,4803.800,4718.510,52439312348.000
2022-03-07,4568.660,4527.83,4613.660,4455.170,51089001797.000
2022-03-08,4515.120,4382.32,4579.120,4367.790,41291142268.000
2022-03-09,4431.960,4393.91,4471.210,4233.000,40798636583.000
2022-03-10,4553.790,4436.65,4586.420,4385.190,32212343404.000
2022-03-11,4229.750,4246.97,4320.200,4040.320,56884577197.000
2022-03-14,4073.270,3778.6,4073.270,3749.900,67460247971.000
2022-03-15,3569.090,3472.42,3841.870,3463.440,89028837819.000
2022-03-16,3689.860,4243.39,4247.540,3608.910,103341208122.000
2022-03-17,4705.180,4572.79,4735.010,4405.930,95868772287.000
2022-03-18,4442.710,4484.93,4547.760,4300.880,55228789450.000
2022-03-21,4631.510,4416.33,4631.510,4370.110,42486813522.000
2022-03-22,4440.630,4653.7,4660.390,4423.630,39040761979.000
2022-03-23,4753.590,4749.12,4883.760,4710.960,58447388742.000
2022-03-24,4722.120,4609.02,4752.700,4581.330,44508153374.000
2022-03-25,4550.940,4379.33,4634.920,4333.990,44124691367.000
2022-03-28,4380.770,4494.01,4550.830,4301.620,40804798695.000
2022-03-29,4537.060,4607.09,4611.370,4520.100,37173042799.000
2022-03-30,4685.520,4622.57,4713.320,4578.030,43196634336.000
2022-03-31,4645.450,4557.99,4645.450,4514.610,21504171795.000
2022-04-01,4420.860,4524.25,4524.250,4379.430,23051732731.000
2022-04-04,4606.190,4769.99,4773.690,4606.190,29366591114.000
2022-04-06,4638.080,4587.73,4648.960,4568.080,30646059539.000
2022-04-07,4519.060,4474.13,4652.870,4470.850,27770878196.000
2022-04-08,4419.930,4422.74,4448.930,4338.980,24998016884.000
2022-04-11,4365.710,4191.03,4365.710,4169.650,28878595422.000
2022-04-12,4246.920,4249.59,4315.060,4119.720,35466192451.000
2022-04-13,4213.070,4268.91,4317.420,4186.760,23486499633.000
2022-04-14,4314.950,4320.1,4344.740,4276.520,22727700273.000
2022-04-19,4215.980,4156.42,4247.040,4140.370,23923950945.000
2022-04-20,4149.600,4134.04,4227.240,4121.280,15781898244.000
2022-04-21,4054.040,3990.08,4088.920,3946.620,28730820372.000
2022-04-22,3864.430,4001.08,4026.730,3847.020,25846885512.000
2022-04-25,3885.680,3806.19,3927.520,3780.070,27783572191.000
2022-04-26,3884.850,3915.27,4028.240,3884.850,30005717512.000
2022-04-27,3865.450,3981.14,4010.340,3846.900,29943030517.000
2022-04-28,4041.690,4066.89,4073.870,3960.940,23761264020.000
2022-04-29,4053.990,4471.75,4515.730,4032.580,64328511846.000
2022-05-03,4379.760,4409.93,4489.500,4266.700,39351307965.000
2022-05-04,4370.050,4264.91,4375.400,4239.390,19336975459.000
2022-05-05,4353.860,4258.88,4382.820,4251.050,27837558093.000
2022-05-06,4098.850,4036.26,4114.230,4023.010,30432583584.000
2022-05-10,3796.930,3906.43,3946.260,3755.890,40332342981.000
2022-05-11,3872.670,4019.28,4141.880,3864.220,39631717780.000
2022-05-12,3917.920,3864.95,3995.370,3854.920,35481584996.000
2022-05-13,3952.220,4038.97,4046.420,3949.000,34084644866.000
2022-05-16,4134.580,4039.36,4158.940,3997.250,24546113728.000
2022-05-17,4130.090,4272.95,4287.700,4121.400,40351490247.000
2022-05-18,4265.550,4260.37,4286.740,4173.910,32632596938.000
2022-05-19,4077.380,4090.72,4143.750,4043.160,44019424933.000
2022-05-20,4220.730,4284.42,4304.950,4201.800,32501256097.000
2022-05-23,4243.120,4177.65,4264.230,4142.390,28736141222.000
2022-05-24,4140.700,4032.34,4194.970,4001.610,28897977532.000
2022-05-25,4015.370,4043.69,4090.630,3992.210,27338343119.000
2022-05-26,4063.050,4033.79,4063.050,3961.260,24428405439.000
2022-05-27,4213.230,4186.95,4232.660,4135.350,35717747559.000
2022-05-30,4257.670,4352.02,4352.020,4250.950,36902759850.000
2022-05-31,4350.570,4483.6,4505.180,4325.260,81157889739.000
2022-06-01,4456.290,4433.38,4485.750,4373.370,34550112472.000
2022-06-02,4355.900,4397.74,4421.730,4327.890,26510569266.000
2022-06-06,4471.360,4601.95,4619.650,4420.200,43248208194.000
2022-06-07,4579.500,4599.48,4672.380,4531.980,44069071931.000
2022-06-08,4697.410,4818.36,4831.140,4696.690,68175984105.000
2022-06-09,4883.670,4749.57,4903.900,4683.010,59878713058.000
2022-06-10,4628.200,4826.42,4843.170,4604.660,71605513751.000
2022-06-13,4630.920,4598.65,4721.650,4575.930,50093596630.000
2022-06-14,4504.590,4595.74,4650.080,4468.360,39714487901.000
2022-06-15,4653.610,4703.72,4744.380,4653.610,38840712997.000
2022-06-16,4764.450,4547.22,4781.430,4503.300,41265810095.000
2022-06-17,4493.710,4653.36,4671.360,4492.680,58624022545.000
2022-06-20,4625.930,4657.37,4673.010,4537.660,32671526828.000
2022-06-21,4677.100,4760.14,4766.030,4632.110,30453185289.000
2022-06-22,4737.490,4552.33,4756.000,4552.330,35241883625.000
2022-06-23,4608.180,4655.91,4692.790,4553.880,33276606109.000
2022-06-24,4724.530,4844.58,4864.470,4720.230,41820290983.000
2022-06-27,4906.360,5072.89,5128.060,4906.360,73272112417.000
2022-06-28,5027.500,5103.89,5137.770,4924.220,61884132316.000
2022-06-29,4987.510,4937.23,5066.630,4876.220,47328373362.000
2022-06-30,4903.150,4870.3,4964.360,4810.340,46619621860.000
2022-07-04,4851.480,4884.18,4905.180,4787.330,39638769153.000
2022-07-05,4959.250,4861.4,4991.980,4841.570,31004531652.000
2022-07-06,4868.240,4801.75,4904.780,4703.900,33783095257.000
2022-07-07,4720.860,4780.04,4796.040,4643.870,28534603878.000
2022-07-08,4868.370,4808.47,4882.920,4778.400,28385599718.000
2022-07-11,4736.940,4622.92,4736.940,4588.580,32287980424.000
2022-07-12,4546.390,4524.11,4599.990,4492.280,28643624576.000
2022-07-13,4558.240,4547.1,4630.520,4533.670,23631956251.000
2022-07-14,4564.580,4587.73,4638.630,4531.420,23647203902.000
2022-07-15,4507.400,4440.11,4557.250,4422.410,29212900138.000
2022-07-18,4454.810,4574.4,4585.370,4391.290,30336820970.000
2022-07-19,4544.060,4506.74,4567.000,4478.910,19029031345.000
2022-07-20,4599.840,4576.86,4633.070,4575.240,24704926533.000
2022-07-21,4567.560,4582.36,4633.870,4548.390,27462005224.000
2022-07-22,4640.000,4597.64,4664.230,4565.870,19614511214.000
2022-07-25,4562.040,4534.34,4565.210,4479.990,22814780341.000
2022-07-26,4558.800,4596.34,4614.740,4529.180,21887174175.000
2022-07-27,4527.100,4536.62,4569.200,4510.620,21642556349.000
2022-07-28,4558.050,4552.54,4600.490,4539.930,22294940430.000
2022-07-29,4561.530,4331.19,4562.620,4297.330,42325885152.000
2022-08-01,4303.360,4324.03,4356.910,4246.860,33937299488.000
2022-08-02,4242.000,4194.04,4242.000,4119.960,35339512065.000
2022-08-03,4269.760,4246.13,4313.240,4219.650,25983968425.000
2022-08-04,4341.780,4381.12,4390.280,4315.110,23910005812.000
2022-08-05,4429.220,4415.86,4429.400,4367.790,21394208290.000
2022-08-08,4354.260,4335.54,4389.160,4310.690,18978641590.000
2022-08-09,4326.540,4295.24,4371.160,4264.810,19237883097.000
2022-08-10,4281.780,4173.77,4281.780,4130.750,22443534633.000
2022-08-11,4244.460,4326.85,4326.850,4233.190,23197808463.000
2022-08-12,4357.470,4350.07,4365.120,4302.650,17356153135.000
2022-08-15,4310.360,4308.31,4394.620,4300.070,15411725719.000
2022-08-16,4339.330,4221.03,4352.060,4160.450,31670753200.000
2022-08-17,4262.890,4238.9,4281.120,4186.660,21632668321.000
2022-08-18,4249.910,4192.64,4249.910,4165.240,25377071754.000
2022-08-19,4155.540,4192.31,4242.340,4154.620,22647317791.000
2022-08-22,4133.360,4152.04,4196.680,4125.730,20849634048.000
2022-08-23,4151.340,4141.04,4182.100,4101.660,19042990317.000
2022-08-24,4145.940,4026.45,4148.080,4012.510,26077461426.000
2022-08-25,4072.770,4268.54,4279.610,4072.770,29301505152.000
2022-08-26,4350.330,4302.17,4357.650,4272.640,29981854131.000
2022-08-29,4249.020,4249.17,4275.150,4212.690,25462410586.000
2022-08-30,4259.300,4227.43,4259.300,4123.690,23824850083.000
2022-08-31,4123.270,4273.68,4354.360,4123.270,42158233454.000
2022-09-01,4232.420,4204.03,4289.510,4179.990,27988870461.000
2022-09-02,4204.340,4143.53,4230.450,4116.740,33506400988.000
2022-09-05,4089.620,4063.91,4089.620,4025.950,23756504001.000
2022-09-06,4081.270,4066.83,4101.600,4019.750,16371296726.000
2022-09-07,3988.260,4014.01,4029.550,3957.090,18981553107.000
2022-09-08,4031.910,3974.05,4056.710,3958.820,19639396316.000
2022-09-09,3979.510,4077.32,4090.940,3968.790,20681221317.000
2022-09-13,4104.600,4069.29,4111.110,4060.350,21214481811.000
2022-09-14,3965.240,3953.37,3982.400,3934.360,20787481271.000
2022-09-15,3939.940,3963.31,3980.810,3935.000,14928945910.000
2022-09-16,3911.310,3858.46,3937.290,3858.170,27497321425.000
2022-09-19,3828.010,3778.77,3828.010,3760.200,22238322966.000
2022-09-20,3829.100,3853.98,3884.820,3829.100,17820639038.000
2022-09-21,3815.110,3737.32,3815.110,3733.820,18459395215.000
2022-09-22,3626.100,3673.8,3682.800,3606.660,20885354602.000
2022-09-23,3652.480,3589.63,3668.020,3589.520,19575189881.000
2022-09-26,3556.830,3647.39,3699.930,3556.830,23799038615.000
2022-09-27,3649.000,3667.41,3673.820,3581.780,22453989870.000
2022-09-28,3613.900,3526.23,3613.900,3507.510,23276575050.000
2022-09-29,3612.590,3482.52,3618.910,3439.600,22528906950.000
2022-09-30,3488.520,3450.12,3514.560,3385.260,21261162159.000
2022-10-03,3423.370,3427.13,3497.260,3393.900,13351063185.000
2022-10-05,3597.350,3685.51,3709.390,3586.290,25092138750.000
2022-10-06,3694.590,3660.72,3700.020,3635.940,12927393839.000
2022-10-07,3608.880,3539.87,3610.460,3536.610,12544788619.000
2022-10-10,3441.510,3398.88,3447.330,3382.900,21276956682.000
2022-10-11,3374.650,3278.24,3385.430,3261.570,23261087543.000
2022-10-12,3250.280,3269.54,3374.290,3159.670,30889340028.000
2022-10-13,3260.370,3157.75,3279.150,3155.520,18498130233.000
2022-10-14,3216.450,3206.63,3318.320,3189.430,24813162695.000
2022-10-17,3159.340,3200.12,3248.770,3092.210,23784648878.000
2022-10-18,3266.050,3336.25,3344.050,3217.080,22348791497.000
2022-10-19,3308.930,3196.58,3313.340,3194.730,20235117736.000
2022-10-20,3091.040,3120.83,3182.740,3042.610,38063656354.000
2022-10-21,3149.370,3101.37,3164.320,3093.740,23245967574.000
2022-10-24,3001.700,2801.99,3062.620,2768.400,57997253468.000
2022-10-25,2835.190,2884.79,2973.280,2720.380,47132109686.000
2022-10-26,2863.730,2956.41,3023.870,2854.100,36948390267.000
2022-10-27,3083.970,2989.18,3094.810,2978.610,34202102025.000
2022-10-28,2977.910,2822.92,2977.910,2797.410,30025096823.000
2022-10-31,2828.480,2852.57,2959.340,2792.130,30588709017.000
2022-11-01,2903.050,3075.16,3117.990,2893.080,49387707193.000
2022-11-02,3047.880,3156.59,3174.720,3011.330,28791548469.000
2022-11-03,3060.430,3035.39,3119.910,3023.920,24179630754.000
2022-11-04,3077.120,3264.23,3366.300,3077.120,58201828544.000
2022-11-07,3205.110,3396.64,3455.100,3189.790,42445334830.000
2022-11-08,3399.080,3343.76,3419.070,3314.510,27101650943.000
2022-11-09,3346.920,3280.48,3398.700,3244.050,27605875743.000
2022-11-10,3202.020,3172.76,3209.830,3159.000,22252788593.000
2022-11-11,3487.190,3491.7,3508.350,3363.120,51414268209.000
2022-11-14,3685.720,3554.39,3685.720,3513.270,50586619582.000
2022-11-15,3549.260,3813.86,3829.290,3513.410,65901015476.000
2022-11-16,3780.720,3805.25,3869.420,3712.020,55338438542.000
2022-11-17,3730.330,3721.61,3761.790,3591.140,56781972165.000
2022-11-18,3833.600,3742.7,3885.430,3711.670,47404462293.000
2022-11-21,3636.570,3631.97,3667.300,3555.640,29491111858.000
2022-11-22,3609.660,3515.37,3641.550,3487.870,34232734226.000
2022-11-23,3541.250,3555.02,3595.990,3486.390,26790385577.000
2022-11-24,3595.060,3582.95,3619.880,3539.470,18999658820.000
2022-11-25,3577.430,3500.31,3577.430,3485.680,21612545406.000
2022-11-28,3343.270,3432.86,3451.940,3313.730,30378949226.000
2022-11-29,3534.840,3695.8,3698.250,3496.190,41925283962.000
2022-11-30,3679.270,3798.19,3814.590,3642.240,54653016206.000
2022-12-01,3950.800,3839.27,4018.900,3830.260,57623194039.000
2022-12-02,3858.030,3878.81,3932.580,3818.840,43502787520.000
2022-12-05,4064.580,4238.2,4241.070,4007.060,75455968193.000
2022-12-06,4120.380,4161.21,4279.140,4116.880,44355483230.000
2022-12-07,4153.900,4004.31,4316.840,3990.760,55967783150.000
2022-12-08,4067.400,4270.21,4286.200,4067.400,46647200089.000
2022-12-09,4279.140,4369.53,4390.860,4224.380,59837391638.000
2022-12-12,4258.590,4192.67,4307.600,4156.200,38130513062.000
2022-12-13,4167.700,4223.2,4279.560,4160.170,33955348761.000
2022-12-14,4269.270,4237.66,4289.490,4162.170,36478490092.000
2022-12-15,4225.640,4136.42,4235.970,4118.620,26264681051.000
2022-12-16,4123.380,4149.22,4210.570,4048.500,34597311160.000
2022-12-19,4170.910,4125.06,4283.350,4099.940,29767404539.000
2022-12-20,4057.240,3996.36,4078.480,3945.610,27559813255.000
2022-12-21,4017.030,4024.84,4048.390,3981.930,16921694108.000
2022-12-22,4134.120,4210.53,4235.630,4120.160,31977975859.000
2022-12-23,4113.640,4124.33,4197.500,4105.370,20313749982.000
2022-12-28,4165.230,4212.44,4263.340,4165.230,32439149104.000
2022-12-29,4119.400,4107.43,4158.150,4074.330,28130893352.000
2022-12-30,4203.150,4128.79,4211.300,4122.140,25641131890.000
2023-01-03,4081.290,4233.37,4246.030,4018.850,32121436823.000
2023-01-04,4288.390,4427.17,4427.170,4255.290,52400840952.000
2023-01-05,4565.780,4494.22,4601.000,4460.830,53273719305.000
2023-01-06,4552.380,4431.12,4553.320,4395.150,41158048434.000
2023-01-09,4497.420,4570.72,4583.810,4468.350,47241414267.000
2023-01-10,4545.120,4558.58,4574.070,4491.580,35277117725.000
2023-01-11,4588.270,4547.12,4642.080,4517.940,49303327369.000
2023-01-12,4574.460,4487.07,4598.360,4420.880,47717605269.000
2023-01-13,4492.790,4554.78,4564.110,4448.520,32930141885.000
2023-01-16,4577.340,4506.72,4589.180,4456.440,36539440853.000
2023-01-17,4493.500,4500.54,4567.330,4444.640,29762384754.000
2023-01-18,4477.820,4524.67,4537.480,4432.790,35516915712.000
2023-01-19,4444.740,4449.91,4490.920,4413.420,26065068876.000
2023-01-20,4487.510,4568.79,4577.660,4485.330,27684409687.000
2023-01-26,4662.350,4763.61,4763.610,4659.240,34036277160.000
2023-01-27,4786.670,4813.23,4825.590,4762.270,29503910764.000
2023-01-30,4774.340,4580.22,4784.450,4557.740,70651387049.000
2023-01-31,4614.810,4542.58,4646.590,4471.370,53997818409.000
2023-02-01,4572.900,4695.7,4695.700,4530.680,44144886695.000
2023-02-02,4763.320,4696.55,4804.850,4687.520,37788211313.000
2023-02-03,4654.740,4634.19,4694.240,4584.690,34156310489.000
2023-02-06,4515.830,4464.82,4533.550,4433.920,39036432427.000
2023-02-07,4485.970,4516.31,4578.670,4478.580,32347033542.000
2023-02-08,4496.990,4431.58,4530.580,4409.080,43217088634.000
2023-02-09,4386.780,4571.71,4575.110,4379.170,40267033290.000
2023-02-10,4509.610,4362.22,4527.400,4353.310,38485878911.000
2023-02-13,4287.530,4374.9,4395.220,4265.210,33371306630.000
2023-02-14,4395.850,4330.6,4397.430,4327.600,25200859686.000
2023-02-15,4342.080,4288.75,4356.180,4246.880,28293980164.000
2023-02-16,4328.190,4367.1,4474.150,4319.610,33741690445.000
2023-02-17,4359.490,4257.63,4403.880,4254.330,25902154124.000
2023-02-20,4248.180,4311.61,4342.520,4224.140,21242560948.000
2023-02-21,4305.530,4158.04,4311.120,4151.730,35474536126.000
2023-02-22,4116.530,4100.58,4162.040,4072.380,35040193205.000
2023-02-23,4090.380,4149.12,4197.920,4079.310,28577054713.000
2023-02-24,4092.760,4010.66,4116.150,4009.570,35637272224.000
2023-02-27,3962.540,3989.83,4043.420,3947.390,32014331448.000
2023-02-28,4001.540,3925.06,4033.590,3906.800,36557675763.000
2023-03-01,3939.230,4185.62,4207.140,3939.230,42560582738.000
2023-03-02,4102.270,4126.31,4152.550,4097.520,28224506524.000
2023-03-03,4232.780,4211.31,4254.130,4156.670,27802288460.000
2023-03-06,4188.750,4177.25,4234.540,4140.990,25001783313.000
2023-03-07,4175.430,4122.6,4253.970,4080.410,28794602870.000
2023-03-08,4042.620,3989.28,4042.620,3954.040,29701210932.000
2023-03-09,3988.320,3930.94,4007.130,3930.940,22755728051.000
2023-03-10,3819.320,3782.22,3840.060,3754.310,59730841468.000
2023-03-13,3832.170,3891.48,3958.690,3828.270,36363408136.000
2023-03-14,3871.840,3790.62,3913.140,3765.190,31352883993.000
2023-03-15,3876.080,3866.26,3939.650,3839.550,25580441321.000
2023-03-16,3804.690,3811.81,3896.200,3785.730,27153984771.000
2023-03-17,3904.430,3979.8,3991.280,3879.630,47312252422.000
2023-03-20,3965.790,3870.27,3973.830,3821.510,28856509560.000
2023-03-21,3911.790,3965.17,3980.550,3870.780,26271907695.000
2023-03-22,4012.630,4009.13,4072.600,3992.780,27329288153.000
2023-03-23,4010.850,4198.99,4202.770,3990.550,50940614375.000
2023-03-24,4182.930,4224.85,4293.350,4171.280,44530614711.000
2023-03-27,4209.710,4105.69,4209.710,4081.000,47112062111.000
2023-03-28,4136.670,4144.12,4176.550,4089.920,36094426008.000
2023-03-29,4316.600,4246.35,4341.130,4232.350,58691937532.000
2023-03-30,4278.020,4270.32,4310.610,4198.730,42733395225.000
2023-03-31,4356.890,4303.71,4360.770,4278.040,43530450429.000
2023-04-03,4279.530,4302.52,4314.800,4233.850,35191959201.000
2023-04-04,4278.800,4233.42,4278.800,4185.520,38488761355.000
2023-04-06,4168.310,4237.63,4241.300,4157.120,33895752199.000
2023-04-11,4276.910,4248.14,4309.980,4178.290,38270478431.000
2023-04-12,4240.200,4166.77,4247.830,4143.100,39044929746.000
2023-04-13,4075.120,4159.85,4159.850,4054.230,32681493439.000
2023-04-14,4170.780,4164.03,4196.160,4114.620,24135094537.000
2023-04-17,4138.500,4254.01,4281.950,4124.240,28937244875.000
2023-04-18,4228.410,4202.67,4242.100,4180.760,21908762421.000
2023-04-19,4202.320,4102.02,4202.320,4086.070,25594245594.000
2023-04-20,4098.370,4098.35,4120.570,4081.620,25964582770.000
2023-04-21,4070.640,3969.94,4079.600,3944.450,29602921751.000
2023-04-24,3972.710,3961.17,4008.200,3901.520,24232247082.000
2023-04-25,3939.090,3824.09,3939.090,3785.220,28414244797.000
2023-04-26,3797.360,3872.01,3922.770,3795.370,28718205075.000
2023-04-27,3850.030,3861.98,3869.820,3820.180,21921688887.000
2023-04-28,3887.970,3901.52,3957.650,3884.580,20708983397.000
2023-05-02,3968.870,3898.59,4016.540,3863.860,12907793430.000
2023-05-03,3837.920,3835.06,3851.450,3785.000,14210472654.000
2023-05-04,3851.720,3856.0,3895.460,3827.630,18582678026.000
2023-05-05,3910.710,3895.53,3948.280,3883.200,19067362182.000
2023-05-08,3908.800,3914.34,3943.580,3885.240,17550903140.000
2023-05-09,3916.910,3798.7,3916.910,3790.570,26222750168.000
2023-05-10,3805.600,3811.66,3829.210,3760.570,20779267017.000
2023-05-11,3868.900,3862.85,3886.910,3801.670,22800867875.000
2023-05-12,3928.930,3874.11,3933.050,3859.850,27561823353.000
2023-05-15,3847.930,3925.5,3955.580,3829.090,25681618183.000
2023-05-16,3990.850,3958.25,3993.050,3935.160,17928729584.000
2023-05-17,3975.200,3870.09,3977.270,3859.150,23137437814.000
2023-05-18,3911.700,3917.09,3957.680,3896.600,29447922506.000
2023-05-19,3868.300,3821.73,3872.170,3810.100,28293143045.000
2023-05-22,3836.600,3903.58,3942.630,3821.810,22813447346.000
2023-05-23,3924.480,3852.45,3947.790,3840.690,19613747200.000
2023-05-24,3813.790,3775.93,3827.510,3762.130,18800536622.000
2023-05-25,3747.290,3691.16,3768.220,3651.210,30376650421.000
2023-05-29,3735.810,3647.26,3751.160,3639.900,34672322452.000
2023-05-30,3667.760,3702.13,3709.860,3621.720,24579407849.000
2023-05-31,3656.460,3626.73,3656.460,3563.990,53273628883.000
2023-06-01,3617.570,3630.87,3723.340,3611.290,31475165161.000
2023-06-02,3727.170,3824.28,3843.890,3724.820,46149793978.000
2023-06-05,3814.520,3840.77,3852.590,3785.550,24261320950.000
2023-06-06,3847.500,3834.34,3908.980,3810.800,20927510314.000
2023-06-07,3923.570,3921.02,3946.970,3892.050,22421848623.000
2023-06-08,3907.600,3894.3,3914.130,3850.490,17800218835.000
2023-06-09,3915.950,3934.22,3949.710,3865.570,23287379758.000
2023-06-12,3949.340,3944.67,3957.610,3895.710,18315549534.000
2023-06-13,3943.790,4038.2,4059.790,3937.850,28636230374.000
2023-06-14,4058.420,4052.69,4117.160,4033.760,26215556147.000
2023-06-15,4128.660,4198.32,4199.190,4104.380,35742166959.000
2023-06-16,4218.900,4233.49,4271.280,4182.730,59365135254.000
2023-06-19,4205.110,4178.25,4220.510,4110.640,25857669839.000
2023-06-20,4168.840,4075.17,4175.880,4050.500,22550836868.000
2023-06-21,3986.520,3961.58,4016.670,3950.660,24926553493.000
2023-06-23,3944.810,3879.33,3944.810,3847.030,15671476474.000
2023-06-26,3864.160,3872.61,3922.100,3849.900,21047960520.000
2023-06-27,3889.340,3972.17,3992.840,3886.630,20380634549.000
2023-06-28,3967.290,4001.97,4019.510,3918.970,20579460941.000
2023-06-29,3995.810,3933.44,4000.010,3901.490,19787863010.000
2023-06-30,3920.820,3911.31,3946.530,3888.110,22458637860.000
2023-07-03,3942.620,4054.35,4072.980,3942.620,21084844301.000
2023-07-04,4037.240,4074.42,4096.530,4014.250,18244783841.000
2023-07-05,4064.180,4016.53,4088.440,3998.080,13450887002.000
2023-07-06,3977.150,3948.82,4050.700,3908.620,22095601531.000
2023-07-07,3915.600,3901.21,3950.350,3851.820,24247977323.000
2023-07-10,4004.990,3945.11,4025.530,3919.030,21077500123.000
2023-07-11,4011.820,4003.05,4045.410,3975.210,19042069883.000
2023-07-12,4048.730,4081.37,4115.450,4035.770,22671590712.000
2023-07-13,4183.470,4237.09,4239.840,4176.030,36800056739.000
2023-07-14,4280.460,4228.71,4280.460,4200.670,27128080547.000
2023-07-17,4228.710,4228.71,4228.710,4228.710,0.000
2023-07-18,4202.400,4129.29,4202.400,4119.490,26750953382.000
2023-07-19,4064.700,4114.97,4130.270,4023.900,23363188105.000
2023-07-20,4132.320,4063.74,4175.400,4051.030,19446892912.000
2023-07-21,4068.090,4104.36,4143.410,4047.310,19544494866.000
2023-07-24,4041.430,4015.08,4089.980,3989.340,18735635892.000
2023-07-25,4191.530,4257.58,4263.820,4169.770,38821359840.000
2023-07-26,4212.770,4218.83,4230.060,4180.190,19409446950.000
2023-07-27,4296.230,4341.19,4357.520,4287.400,28788418407.000
2023-07-28,4278.650,4466.57,4481.410,4272.160,34736915932.000
2023-07-31,4625.610,4549.95,4688.690,4530.480,52121420135.000
2023-08-01,4599.840,4538.1,4661.380,4505.260,34517823310.000
2023-08-02,4508.850,4388.77,4540.520,4366.140,30118664078.000
2023-08-03,4383.010,4406.44,4459.370,4367.740,23494096998.000
2023-08-04,4511.220,4497.31,4556.960,4444.180,24633577627.000
2023-08-07,4459.160,4499.43,4509.890,4413.770,15745842988.000
2023-08-08,4414.350,4374.2,4438.930,4361.440,22155346788.000
2023-08-09,4310.590,4373.71,4383.130,4302.390,18664582921.000
2023-08-10,4337.680,4378.04,4392.200,4297.860,17987374480.000
2023-08-11,4386.430,4273.19,4386.430,4261.650,22742887748.000
2023-08-14,4157.980,4208.43,4215.030,4123.460,23273603003.000
2023-08-15,4170.090,4179.13,4229.110,4156.420,16495129028.000
2023-08-16,4126.570,4126.13,4180.190,4114.250,19502203103.000
2023-08-17,4049.270,4158.28,4189.460,4023.750,30773956713.000
2023-08-18,4110.850,4007.39,4135.900,4002.090,25504620874.000
2023-08-21,3951.170,3923.16,4014.000,3911.650,27465806061.000
2023-08-22,3956.410,4000.92,4049.860,3910.300,25257288765.000
2023-08-23,3989.860,4008.86,4049.090,3950.670,21439136644.000
2023-08-24,4057.070,4158.02,4175.260,4046.990,29989684910.000
2023-08-25,4087.110,4058.95,4109.400,4054.980,21871204119.000
2023-08-28,4257.210,4127.54,4268.260,4118.570,24885855205.000
2023-08-29,4170.470,4234.43,4254.260,4153.130,23830655775.000
2023-08-30,4299.730,4195.41,4315.590,4175.170,29347659506.000
2023-08-31,4240.070,4179.49,4269.670,4154.950,45895409242.000
2023-09-04,4257.600,4305.02,4309.870,4236.960,46503831094.000
2023-09-05,4286.280,4193.45,4286.280,4184.720,28612561950.000
2023-09-06,4167.770,4176.84,4187.300,4116.760,22465107678.000
2023-09-07,4179.950,4091.65,4179.950,4082.290,21445866424.000
2023-09-11,3997.620,4083.14,4107.090,3983.930,29321112060.000
2023-09-12,4058.240,4063.96,4111.480,4031.350,17110658634.000
2023-09-13,4082.260,4041.19,4093.640,4024.170,15739716369.000
2023-09-14,4065.080,4059.15,4089.680,4028.420,15051494577.000
2023-09-15,4081.470,4077.91,4128.480,4028.750,26953317335.000
2023-09-18,4040.570,3987.35,4062.410,3987.350,17233114468.000
2023-09-19,3993.650,3984.79,3999.450,3942.280,16808843726.000
2023-09-20,3963.660,3921.83,3966.010,3903.630,17350995518.000
2023-09-21,3887.640,3849.27,3893.750,3827.180,19996387058.000
2023-09-22,3821.310,3991.33,3997.330,3821.310,23108493767.000
2023-09-25,3976.020,3882.9,3976.020,3873.990,17867470996.000
2023-09-26,3866.420,3817.27,3878.960,3794.210,19790647859.000
2023-09-27,3823.810,3833.87,3884.180,3821.120,18215203168.000
2023-09-28,3831.320,3778.12,3845.060,3760.130,20549854610.000
2023-09-29,3821.550,3920.59,3954.890,3811.560,16465171889.000
2023-10-03,3858.660,3817.52,3858.660,3788.630,15921827327.000
2023-10-04,3796.170,3752.42,3796.840,3732.330,13207110377.000
2023-10-05,3784.720,3757.82,3806.800,3751.990,11269487237.000
2023-10-06,3795.160,3816.15,3848.750,3791.780,10169251506.000
2023-10-09,3807.060,3825.48,3859.850,3799.790,12633907601.000
2023-10-10,3864.330,3874.67,3936.800,3864.330,20086564164.000
2023-10-11,3960.670,3952.5,3985.200,3935.800,23950158202.000
2023-10-12,4038.540,4019.05,4038.540,4005.260,20116096354.000
2023-10-13,3908.830,3879.84,3938.420,3870.110,22484954152.000
2023-10-16,3875.470,3811.68,3887.140,3794.040,17608805923.000
2023-10-17,3855.480,3836.05,3856.360,3808.430,14792540011.000
2023-10-18,3818.850,3771.92,3821.980,3766.630,20883263123.000
2023-10-19,3709.980,3700.15,3731.520,3692.220,27667921312.000
2023-10-20,3667.300,3662.15,3710.060,3658.920,22430914534.000
2023-10-24,3660.800,3622.86,3674.460,3586.500,24499279841.000
2023-10-25,3786.830,3700.94,3802.390,3671.090,25764426581.000
2023-10-26,3699.670,3712.55,3738.980,3665.310,16395937341.000
2023-10-27,3739.810,3806.1,3830.380,3722.650,23665027401.000
2023-10-30,3763.200,3854.31,3854.310,3763.200,24098969520.000
2023-10-31,3829.230,3759.16,3829.230,3746.810,18653554096.000
2023-11-01,3762.020,3752.37,3780.150,3711.600,15302890857.000
2023-11-02,3813.200,3813.42,3878.050,3793.550,18692302448.000
2023-11-03,3865.860,3937.37,3949.750,3839.980,25128002609.000
2023-11-06,4025.880,4098.58,4109.630,4025.880,32927662249.000
2023-11-07,4052.970,4055.84,4098.760,4033.410,19313677835.000
2023-11-08,4045.740,4020.84,4091.470,4006.290,21542997966.000
2023-11-09,4037.740,4024.24,4075.030,4004.710,16238134558.000
2023-11-10,3944.230,3892.44,3953.450,3885.930,22447797351.000
2023-11-13,3915.740,3981.27,3989.760,3894.840,20023469505.000
2023-11-14,4004.870,3951.75,4010.060,3935.250,18672392093.000
2023-11-15,4078.780,4125.87,4125.870,4036.390,34114625330.000
2023-11-16,4169.700,4049.72,4169.700,4009.640,35865974326.000
2023-11-17,3983.680,3980.15,4015.450,3951.920,37919021302.000
2023-11-20,4030.110,4077.58,4083.030,3999.510,35477877586.000
2023-11-21,4137.240,4037.07,4157.510,4019.440,35699073073.000
2023-11-22,4034.470,4029.82,4071.310,4006.620,23344216036.000
2023-11-23,4038.240,4117.12,4122.380,4021.160,21191818569.000
2023-11-24,4085.350,4024.83,4085.350,4018.410,17893819604.000
2023-11-27,4063.690,4031.66,4063.690,3972.030,18811825578.000
2023-11-28,4035.510,4000.42,4045.470,3978.140,29938161679.000
2023-11-29,4004.960,3910.24,4004.960,3884.030,45680765556.000
2023-11-30,3904.160,3899.64,3914.620,3850.300,38374966759.000
2023-12-01,3885.260,3830.92,3886.030,3818.940,39096409617.000
2023-12-04,3842.680,3759.72,3842.680,3745.600,30098410664.000
2023-12-05,3744.050,3682.67,3744.050,3647.420,29723319245.000
2023-12-06,3691.070,3747.58,3777.560,3668.180,24516899244.000
2023-12-07,3719.760,3720.21,3732.690,3671.150,19300490987.000
2023-12-08,3720.060,3705.93,3751.810,3674.490,24966748386.000
2023-12-11,3657.290,3666.51,3690.170,3603.520,25357416854.000
2023-12-12,3686.250,3730.25,3746.680,3666.160,18296540560.000
2023-12-13,3703.490,3686.21,3711.110,3658.310,19429367362.000
2023-12-14,3733.040,3698.57,3771.400,3673.400,23746579487.000
2023-12-15,3750.260,3780.69,3841.380,3749.110,36565628144.000
2023-12-18,3748.420,3730.66,3763.030,3711.690,20867683254.000
2023-12-19,3712.220,3707.76,3730.880,3674.770,22564515651.000
2023-12-20,3758.240,3726.5,3768.850,3713.040,20073972951.000
2023-12-21,3679.130,3710.22,3722.150,3662.720,16307045288.000
2023-12-22,3745.310,3548.05,3773.150,3527.450,68646102418.000
2023-12-27,3641.180,3639.76,3651.680,3597.560,38722211098.000
2023-12-28,3647.170,3763.9,3800.250,3640.940,32942001565.000
2023-12-29,3778.020,3764.29,3792.220,3725.300,20686668796.000
2024-01-02,3803.440,3714.77,3808.230,3694.210,20739364942.000
2024-01-03,3657.960,3646.39,3661.040,3623.030,20191258593.000
2024-01-04,3665.150,3654.94,3666.420,3616.470,17983348628.000
2024-01-05,3627.150,3592.33,3662.200,3572.280,20649734003.000
2024-01-08,3589.350,3484.75,3589.350,3467.220,20278616900.000
2024-01-09,3496.620,3454.5,3539.580,3451.770,20777696816.000
2024-01-10,3444.340,3428.2,3476.860,3407.080,20633703970.000
2024-01-11,3434.420,3503.02,3540.570,3428.990,22246904408.000
2024-01-12,3476.860,3470.64,3530.240,3454.610,16021561826.000
2024-01-15,3459.510,3404.0,3459.510,3380.590,19236469030.000
2024-01-16,3369.600,3325.93,3413.370,3310.170,22700097282.000
2024-01-17,3294.310,3160.0,3294.310,3130.220,36157021155.000
2024-01-18,3167.400,3176.08,3201.150,3123.270,26407372420.000
2024-01-19,3171.010,3129.92,3209.880,3101.610,24634874044.000
2024-01-22,3144.870,3035.47,3156.190,2994.070,30593409864.000
2024-01-23,3062.220,3147.81,3192.830,3047.040,32954512074.000
2024-01-24,3235.100,3281.16,3303.720,3150.100,35963833437.000
2024-01-25,3282.020,3310.69,3324.360,3220.020,31265108194.000
2024-01-26,3284.660,3186.49,3284.660,3175.160,26540889777.000
2024-01-29,3212.250,3203.59,3256.080,3179.870,21193637648.000
2024-01-30,3150.240,3098.87,3160.300,3086.480,21090972566.000
2024-01-31,3090.450,3005.8,3106.500,2984.900,22800061337.000
2024-02-01,3029.810,3065.95,3128.400,3011.060,20601070811.000
2024-02-02,3137.010,3043.9,3165.800,3015.980,23016143457.000
2024-02-05,2990.290,3038.84,3095.430,2987.680,20140748802.000
2024-02-06,3050.530,3243.81,3253.990,3050.530,34158461882.000
2024-02-07,3269.130,3190.68,3320.860,3172.020,30005169067.000
2024-02-08,3179.110,3168.55,3223.170,3148.380,23650656532.000
2024-02-09,3125.370,3127.22,3130.470,3072.760,8069714058.000
2024-02-14,3074.870,3197.87,3205.660,3052.620,13575843505.000
2024-02-15,3184.070,3223.1,3239.700,3156.140,11727638101.000
2024-02-16,3231.280,3342.73,3357.500,3205.510,18541353644.000
2024-02-19,3320.130,3253.09,3320.130,3236.950,19102927037.000
2024-02-20,3275.640,3264.4,3283.200,3201.990,16945457121.000
2024-02-21,3240.260,3351.22,3421.130,3221.560,27823263535.000
2024-02-22,3346.690,3410.02,3410.020,3315.680,20680680175.000
2024-02-23,3386.220,3399.84,3444.280,3363.060,21246775666.000
2024-02-26,3381.350,3393.29,3425.810,3374.360,16185400227.000
2024-02-27,3428.890,3503.17,3510.570,3366.260,28918573062.000
2024-02-28,3527.830,3426.61,3547.160,3420.990,29023219592.000
2024-02-29,3390.880,3431.3,3468.730,3390.880,34640211380.000
2024-03-01,3396.360,3488.13,3496.170,3387.270,40483574008.000
2024-03-04,3491.320,3474.77,3503.620,3433.140,31525090228.000
2024-03-05,3381.880,3323.89,3401.930,3317.120,31034984992.000
2024-03-06,3320.580,3412.57,3454.290,3320.580,26792775742.000
2024-03-07,3428.320,3359.34,3449.740,3323.520,25175486834.000
2024-03-08,3360.960,3385.58,3427.770,3360.960,17285928352.000
2024-03-11,3407.110,3482.29,3485.810,3407.110,22955358731.000
2024-03-12,3525.980,3643.91,3657.400,3501.750,42769114679.000
2024-03-13,3650.750,3656.3,3704.060,3640.330,28371526268.000
2024-03-14,3668.560,3603.83,3692.290,3574.480,21672445072.000
2024-03-15,3534.140,3549.84,3550.190,3487.710,34989296360.000
2024-03-18,3535.490,3594.22,3609.800,3522.920,22941587344.000
2024-03-19,3554.150,3528.47,3571.230,3514.300,20463225385.000
2024-03-20,3538.650,3551.42,3569.970,3493.750,18790207007.000
2024-03-21,3609.640,3582.9,3647.010,3572.370,33036227333.000
2024-03-22,3527.300,3455.88,3531.710,3424.000,31395228502.000
2024-03-25,3469.300,3437.2,3486.440,3421.800,29751707521.000
2024-03-26,3468.620,3471.49,3499.150,3428.880,28599423408.000
2024-03-27,3437.610,3393.43,3443.880,3380.950,31576913696.000
2024-03-28,3403.950,3477.55,3543.210,3403.950,34975259346.000
2024-04-02,3558.920,3543.12,3577.390,3525.090,39285834273.000
2024-04-03,3543.750,3460.87,3543.750,3450.010,24719340743.000
2024-04-05,3464.550,3450.89,3476.470,3381.030,17342313300.000
2024-04-08,3427.680,3444.61,3492.470,3413.120,21397991272.000
2024-04-09,3461.420,3478.24,3510.580,3454.190,20256966646.000
2024-04-10,3514.390,3552.01,3587.290,3511.170,30644079585.000
2024-04-11,3480.300,3538.39,3553.460,3480.300,22180957984.000
2024-04-12,3523.710,3474.47,3549.310,3472.430,26428620548.000
2024-04-15,3408.050,3442.49,3452.600,3392.270,21045364494.000
2024-04-16,3377.330,3337.85,3399.060,3318.940,25172465426.000
2024-04-17,3340.710,3340.22,3374.510,3306.290,18699217321.000
2024-04-18,3333.750,3356.82,3391.450,3301.860,20840970666.000
2024-04-19,3308.770,3278.06,3308.770,3233.760,26158572314.000
2024-04-22,3318.190,3336.35,3374.110,3292.950,30141381824.000
2024-04-23,3394.360,3449.1,3456.890,3376.360,37883662712.000
2024-04-24,3495.130,3573.59,3577.580,3474.890,44745647951.000
2024-04-25,3556.410,3554.3,3616.170,3526.880,31411220537.000
2024-04-26,3568.440,3718.27,3738.180,3568.440,45972077744.000
2024-04-29,3728.660,3713.32,3805.880,3706.180,42368023514.000
2024-04-30,3744.190,3700.67,3760.980,3681.910,27228374029.000
2024-05-02,3700.230,3865.48,3870.240,3683.620,34835936940.000
2024-05-03,4009.960,3971.29,4023.430,3922.860,37037812861.000
2024-05-06,3982.250,4007.78,4021.690,3952.860,39822127853.000
2024-05-07,4002.760,3922.54,4005.320,3909.930,31161429514.000
2024-05-08,3921.100,3872.01,3962.630,3859.550,38218236255.000
2024-05-09,3874.440,3947.41,3955.970,3868.670,30975087487.000
2024-05-10,3975.750,3962.32,4002.660,3899.830,30620029792.000
2024-05-13,3925.190,4018.69,4031.090,3906.360,33817887368.000
2024-05-14,4072.890,4041.45,4111.560,4038.680,39410188927.000
2024-05-16,4091.590,4072.15,4097.820,4024.420,56759257011.000
2024-05-17,4135.360,4112.59,4162.510,4073.610,45023936195.000
2024-05-20,4124.360,4135.38,4155.870,4111.510,37969071875.000
2024-05-21,4079.110,3980.63,4087.810,3963.820,40518603649.000
2024-05-22,3987.620,3992.59,4036.700,3957.180,33434983401.000
2024-05-23,3972.810,3896.19,3972.810,3882.450,39408488243.000
2024-05-24,3865.170,3799.47,3890.370,3780.160,32914020562.000
2024-05-27,3801.720,3864.48,3876.440,3751.130,33106864325.000
2024-05-28,3868.150,3854.57,3921.200,3839.030,23525839245.000
2024-05-29,3821.110,3765.24,3823.960,3747.540,35817527446.000
2024-05-30,3752.110,3752.76,3809.280,3735.630,31178277127.000
2024-05-31,3814.420,3690.76,3847.120,3684.850,56445642906.000
2024-06-03,3744.430,3784.04,3820.060,3740.460,34068327216.000
2024-06-04,3756.140,3796.17,3813.270,3756.140,23907890957.000
2024-06-05,3797.230,3807.73,3867.640,3786.230,28357068723.000
2024-06-06,3859.910,3840.66,3886.310,3813.280,32614393320.000
2024-06-07,3855.810,3772.47,3855.810,3755.790,45257733338.000
2024-06-11,3723.440,3755.42,3772.830,3696.640,38735948621.000
2024-06-12,3724.160,3691.28,3747.850,3682.510,25569139808.000
2024-06-13,3743.450,3739.14,3755.360,3696.780,26768677874.000
2024-06-14,3726.970,3707.62,3735.100,3697.130,31505692221.000
2024-06-17,3686.110,3709.35,3739.720,3666.040,23586013636.000
2024-06-18,3718.850,3697.21,3751.660,3682.050,22573434060.000
2024-06-19,3736.260,3832.32,3835.050,3728.750,32473495284.000
2024-06-20,3838.320,3767.88,3838.320,3753.250,23668629393.000
2024-06-21,3720.720,3701.4,3734.620,3674.310,34436688087.000
2024-06-24,3671.570,3677.51,3678.560,3619.760,22034439842.000
2024-06-25,3689.430,3655.46,3701.590,3624.480,21416832872.000
2024-06-26,3639.750,3689.68,3709.210,3634.270,19930521740.000
2024-06-27,3666.500,3588.86,3668.670,3580.680,26709118903.000
2024-06-28,3546.700,3554.45,3614.550,3546.700,22368136657.000
2024-07-02,3538.130,3539.13,3596.200,3521.500,27886720326.000
2024-07-03,3564.640,3626.93,3638.230,3553.240,28180144948.000
2024-07-04,3692.420,3649.67,3710.870,3634.590,23640503153.000
2024-07-05,3649.820,3596.8,3666.800,3577.290,20015676484.000
2024-07-08,3589.700,3566.63,3621.360,3545.760,18692535188.000
2024-07-09,3562.730,3600.9,3624.560,3539.600,23208908833.000
2024-07-10,3639.260,3600.49,3679.960,3596.580,24911783546.000
2024-07-11,3637.700,3696.49,3703.700,3633.460,24843524164.000
2024-07-12,3746.430,3782.08,3787.330,3736.310,34604452621.000
2024-07-15,3736.340,3672.58,3747.860,3661.100,22226069156.000
2024-07-16,3626.020,3622.84,3641.160,3600.350,23553791876.000
2024-07-17,3638.920,3640.88,3678.670,3617.080,26272479348.000
2024-07-18,3598.750,3613.13,3640.120,3571.760,21605456290.000
2024-07-19,3571.220,3536.54,3589.280,3527.520,26028558829.000
2024-07-22,3550.520,3610.71,3625.800,3532.280,23804391620.000
2024-07-23,3634.670,3545.09,3639.610,3537.280,19331451856.000
2024-07-24,3539.900,3491.2,3561.640,3469.420,20648716469.000
2024-07-25,3461.910,3421.26,3467.240,3408.050,27055199237.000
2024-07-26,3443.650,3443.73,3476.470,3410.750,19256999792.000
2024-07-29,3491.950,3466.6,3509.460,3455.010,21132232359.000
2024-07-30,3464.690,3414.04,3464.690,3401.820,17290950863.000
2024-07-31,3419.780,3516.87,3535.140,3411.490,25189471916.000
2024-08-01,3503.510,3476.58,3518.850,3461.800,17520033641.000
2024-08-02,3417.500,3385.6,3435.910,3356.800,23198202506.000
2024-08-05,3333.700,3339.42,3426.320,3272.060,28905511910.000
2024-08-06,3392.210,3342.52,3409.600,3322.300,21758626399.000
2024-08-07,3361.600,3382.42,3419.360,3346.180,19459410302.000
2024-08-08,3346.910,3366.68,3422.300,3317.850,22042536373.000
2024-08-09,3436.690,3436.8,3483.230,3429.050,22434731390.000
2024-08-12,3438.010,3429.84,3448.670,3392.700,15595635343.000
2024-08-13,3428.850,3429.69,3453.130,3399.010,17202330787.000
2024-08-14,3447.650,3395.7,3453.130,3384.280,18312646499.000
2024-08-15,3371.900,3384.38,3434.140,3347.210,24863248993.000
2024-08-16,3437.540,3459.09,3469.420,3416.760,27443321445.000
2024-08-19,3516.360,3517.09,3563.680,3511.140,24467258711.000
2024-08-20,3556.740,3498.08,3556.740,3484.920,19162725238.000
2024-08-21,3401.960,3434.39,3437.840,3378.650,29529661923.000
2024-08-22,3490.290,3508.61,3513.660,3436.980,30269407796.000
2024-08-23,3451.180,3468.94,3474.960,3435.280,23189322032.000
2024-08-26,3490.430,3502.96,3522.480,3479.400,24033350801.000
2024-08-27,3455.610,3501.29,3501.700,3438.760,27805705521.000
2024-08-28,3478.900,3445.46,3488.300,3425.730,24259469928.000
2024-08-29,3388.700,3461.22,3467.110,3365.470,30346171448.000
2024-08-30,3476.130,3560.61,3614.680,3470.220,50069111974.000
2024-09-02,3539.860,3486.4,3539.860,3477.950,21415592428.000
2024-09-03,3486.020,3496.49,3534.690,3472.020,15951567646.000
2024-09-04,3467.450,3482.84,3496.400,3439.940,20689750496.000
2024-09-05,3479.470,3487.8,3505.650,3461.110,17976289699.000
2024-09-09,3450.980,3436.75,3454.450,3410.820,33324975734.000
2024-09-10,3448.750,3450.73,3467.590,3403.550,35549896337.000
2024-09-11,3416.760,3450.92,3457.000,3416.760,21667402502.000
2024-09-12,3479.790,3475.25,3508.060,3473.660,24826962614.000
2024-09-13,3477.380,3479.8,3528.770,3475.520,19553168910.000
2024-09-16,3454.690,3497.45,3497.450,3422.820,12796912211.000
2024-09-17,3482.670,3536.57,3545.310,3472.900,14597783637.000
2024-09-19,3539.080,3651.56,3669.720,3528.210,42211275174.000
2024-09-20,3649.320,3703.84,3744.310,3638.470,53329511718.000
2024-09-23,3699.230,3698.27,3761.170,3688.690,31361700236.000
2024-09-24,3785.980,3915.58,3916.690,3755.150,62987341042.000
2024-09-25,4063.510,3924.45,4063.510,3907.060,73055727990.000
2024-09-26,3983.380,4209.71,4222.650,3964.860,89317915760.000
2024-09-27,4340.070,4453.24,4516.580,4308.470,118053669086.000
2024-09-30,4648.260,4751.81,4841.820,4539.560,142244420560.000
2024-10-02,4840.080,5157.08,5252.530,4840.080,116871684275.000
2024-10-03,5117.370,4978.64,5118.050,4773.130,85009313257.000
2024-10-04,4941.960,5227.13,5233.980,4885.220,76016041965.000
2024-10-07,5298.430,5386.48,5451.530,5236.090,83830946169.000
2024-10-08,5293.050,4695.81,5293.050,4611.450,174911599884.000
2024-10-09,4819.860,4640.75,4908.880,4502.930,127678717306.000
2024-10-10,4772.820,4736.1,4862.170,4675.690,78765495193.000
2024-10-14,4702.610,4668.18,4723.730,4512.140,70842177973.000
2024-10-15,4654.120,4450.95,4682.830,4405.290,71872234649.000
2024-10-16,4391.140,4402.37,4482.950,4368.950,48411194122.000
2024-10-17,4449.390,4349.77,4547.310,4319.170,42000481573.000
2024-10-18,4337.240,4600.85,4661.640,4329.920,80215298327.000
2024-10-21,4580.650,4491.9,4637.440,4483.220,62498930343.000
2024-10-22,4508.460,4521.63,4565.240,4476.880,39375562745.000
2024-10-23,4527.010,4605.62,4669.850,4506.280,47692678160.000
2024-10-24,4543.320,4483.99,4570.360,4473.350,39118970337.000
2024-10-25,4492.600,4538.03,4593.120,4492.600,35821378946.000
2024-10-28,4563.740,4574.07,4601.070,4516.730,34786723084.000
2024-10-29,4648.470,4623.84,4701.000,4601.520,39253552416.000
2024-10-30,4581.180,4513.68,4610.330,4491.610,40231387127.000
2024-10-31,4527.340,4499.15,4578.400,4499.150,36225693884.000
2024-11-01,4504.480,4483.91,4548.660,4454.930,37748686402.000
2024-11-04,4512.240,4532.18,4554.360,4501.090,26743419112.000
2024-11-05,4486.170,4693.85,4694.480,4486.170,44215280646.000
2024-11-06,4646.370,4574.5,4667.900,4525.360,51957971083.000
2024-11-07,4532.540,4677.64,4687.500,4508.400,48797242887.000
2024-11-08,4786.410,4668.26,4838.380,4658.690,59638273211.000
2024-11-11,4524.490,4651.71,4670.150,4524.490,60161057027.000
2024-11-12,4627.540,4456.86,4680.410,4442.540,60595674148.000
2024-11-13,4393.880,4455.67,4461.150,4363.620,45429173518.000
2024-11-14,4388.380,4318.32,4463.340,4294.340,51094402495.000
2024-11-15,4322.000,4327.84,4394.320,4288.010,44506548910.000
2024-11-18,4379.190,4341.53,4405.570,4318.190,39211129757.000
2024-11-19,4381.920,4395.04,4413.080,4341.870,35432051060.000
2024-11-20,4372.370,4413.08,4436.010,4364.570,32973420194.000
2024-11-21,4393.040,4358.15,4417.090,4347.050,31853765979.000
2024-11-22,4366.180,4246.2,4400.540,4226.580,50737393376.000
2024-11-25,4275.400,4235.31,4287.700,4195.270,62639183608.000
2024-11-26,4203.900,4221.99,4265.980,4203.900,35169732893.000
2024-11-27,4233.080,4374.44,4394.020,4188.740,37050129986.000
2024-11-28,4379.810,4307.75,4379.810,4301.360,27317510497.000
2024-11-29,4309.310,4353.55,4431.750,4304.340,32282623048.000
2024-12-02,4355.640,4405.95,4425.390,4343.370,38903332674.000
2024-12-03,4413.910,4417.99,4433.950,4342.700,36935848317.000
2024-12-04,4428.080,4404.04,4444.900,4381.720,33632505501.000
2024-12-05,4366.960,4370.22,4388.430,4347.100,33627981778.000
2024-12-06,4387.480,4464.65,4472.690,4352.640,55362769151.000
2024-12-09,4429.050,4656.8,4664.330,4416.380,61302584207.000
2024-12-10,4854.340,4591.94,4854.340,4588.160,71929480001.000
2024-12-11,4613.120,4531.58,4646.550,4511.770,34641247521.000
2024-12-12,4551.330,4600.82,4659.950,4521.730,43796959946.000
2024-12-13,4554.230,4479.6,4567.790,4458.210,41437637224.000
2024-12-16,4480.320,4414.7,4503.390,4391.730,30970663115.000
2024-12-17,4387.620,4389.08,4472.970,4360.960,32337500201.000
2024-12-18,4453.890,4468.85,4489.400,4432.400,25046042104.000
2024-12-19,4393.090,4439.47,4469.470,4388.020,39060707281.000
2024-12-20,4432.720,4444.19,4487.660,4429.600,71923702402.000
2024-12-23,4481.460,4457.85,4497.180,4437.590,38513379821.000
2024-12-24,4468.710,4507.65,4528.570,4459.540,21871507489.000
2024-12-27,4524.990,4538.59,4578.150,4517.960,46205832180.000
2024-12-30,4546.010,4500.6,4557.060,4484.780,37742769233.000
2024-12-31,4484.540,4468.11,4507.550,4468.110,20420074462.000
2025-01-02,4436.740,4357.53,4447.020,4347.090,41671782799.000
2025-01-03,4383.530,4403.12,4453.290,4337.980,44655072056.000
2025-01-06,4432.580,4395.08,4447.960,4377.260,32071315592.000
2025-01-07,4352.610,4354.8,4403.190,4275.810,95246692742.000
2025-01-08,4351.860,4307.4,4371.320,4252.040,68525320420.000
2025-01-09,4304.760,4311.54,4367.610,4296.090,49179322690.000
2025-01-10,4335.010,4260.82,4360.090,4251.770,42534073447.000
2025-01-13,4222.990,4221.92,4238.000,4168.040,41953817332.000
2025-01-14,4227.990,4352.04,4380.410,4227.430,53889500835.000
2025-01-15,4329.760,4363.79,4387.100,4315.240,39438743513.000
2025-01-16,4423.630,4417.37,4489.470,4361.220,48019400107.000
2025-01-17,4410.140,4479.19,4492.850,4392.290,37331779512.000
2025-01-20,4554.600,4595.2,4638.850,4542.630,56184070807.000
2025-01-21,4650.620,4693.72,4722.070,4608.000,46906590190.000
2025-01-22,4644.500,4581.09,4669.780,4560.610,43098049044.000
2025-01-23,4615.000,4515.48,4659.780,4496.560,41396473034.000
2025-01-24,4545.340,4657.61,4675.810,4538.720,49838979861.000
2025-01-27,4706.360,4687.34,4751.660,4667.560,53492194301.000
2025-01-28,4723.610,4723.63,4731.860,4678.520,21870606196.000
2025-02-03,4699.470,4737.46,4741.500,4572.600,53999257620.000
2025-02-04,4828.960,4977.38,4981.910,4821.490,61618129498.000
2025-02-05,4975.780,4930.2,4975.780,4845.330,70868759005.000
2025-02-06,4926.540,5059.38,5059.380,4918.920,59882490162.000
2025-02-07,5051.920,5150.35,5203.930,5038.310,87515217999.000
2025-02-10,5187.880,5286.66,5296.220,5187.110,82750626929.000
2025-02-11,5307.290,5142.31,5307.290,5133.620,79803607241.000
2025-02-12,5214.320,5281.18,5281.720,5155.000,106076963256.000
2025-02-13,5321.630,5235.28,5503.400,5201.340,160234997691.000
2025-02-14,5310.370,5526.22,5526.220,5300.010,155166159776.000
2025-02-17,5599.120,5499.26,5656.440,5394.260,189393339202.000
2025-02-18,5519.190,5639.05,5696.460,5494.270,133988650454.000
2025-02-19,5576.090,5672.24,5676.370,5510.920,99592027150.000
2025-02-20,5610.810,5500.02,5652.080,5466.240,105745062680.000
2025-02-21,5684.940,5859.3,5859.300,5605.260,172124617385.000
2025-02-24,5864.550,5789.52,5904.300,5740.130,133282580434.000
2025-02-25,5540.420,5698.82,5814.700,5537.540,137443795169.000
2025-02-26,5763.620,5953.79,6023.790,5760.250,140440045087.000
2025-02-27,5963.870,5881.01,6085.130,5764.730,156405096222.000
2025-02-28,5862.980,5568.14,5862.980,5511.450,152714812935.000
2025-03-03,5631.890,5535.86,5701.090,5460.600,108566671692.000
2025-03-04,5400.150,5535.64,5590.140,5358.760,86887467386.000
2025-03-05,5618.340,5757.94,5770.800,5565.540,93333909672.000
2025-03-06,5919.530,6068.77,6090.370,5919.530,160468390655.000
2025-03-07,6003.720,6037.44,6195.400,5952.520,153247636495.000
2025-03-10,6016.340,5885.49,6076.280,5819.120,106647649129.000
2025-03-11,5728.870,5967.23,5991.320,5715.540,97725764220.000
2025-03-12,6032.270,5845.36,6075.310,5756.070,90040453661.000
2025-03-13,5867.630,5747.77,5881.640,5644.680,76003916301.000
2025-03-14,5826.210,5880.78,5920.030,5714.600,85507326060.000
2025-03-17,5920.630,5872.81,5943.600,5822.020,69951858818.000
2025-03-18,6038.300,6105.5,6105.500,5980.770,101329707704.000
2025-03-19,6043.940,6041.19,6096.900,5979.490,89087910227.000
2025-03-20,6031.560,5836.28,6031.560,5822.740,96334474327.000
2025-03-21,5799.080,5639.56,5854.780,5614.560,105822044945.000
2025-03-24,5664.860,5736.83,5762.830,5596.200,72858132233.000
2025-03-25,5638.720,5517.52,5671.590,5502.480,133614977955.000
2025-03-26,5537.450,5573.04,5606.980,5522.890,52645988082.000
2025-03-27,5588.570,5589.12,5706.340,5495.530,70108020528.000
2025-03-28,5605.340,5506.47,5649.150,5455.210,67483200438.000
2025-03-31,5439.500,5394.72,5470.530,5335.850,73979052717.000
2025-04-01,5441.990,5407.38,5517.760,5395.900,76384060650.000
2025-04-02,5398.700,5426.44,5506.560,5359.830,68374795893.000
2025-04-03,5257.910,5313.26,5371.540,5250.640,89519173291.000
2025-04-07,4721.030,4401.51,4840.030,4363.550,218731856131.000
2025-04-08,4547.380,4568.38,4664.700,4415.760,146932150548.000
2025-04-09,4373.620,4689.19,4753.490,4296.160,142024414774.000
2025-04-10,4875.020,4813.74,4998.490,4765.500,128305876777.000
2025-04-11,4787.950,4900.43,4987.080,4746.340,103930552365.000
2025-04-14,5053.590,5015.12,5077.880,4977.770,87483208093.000
2025-04-15,5057.810,4981.6,5057.810,4916.570,54182428279.000
2025-04-16,4908.680,4796.28,4919.260,4735.350,74681290996.000
2025-04-17,4790.560,4887.37,4910.570,4774.460,59226846355.000
2025-04-22,4854.750,4899.21,4919.740,4792.590,75513335220.000
2025-04-23,5070.750,5049.4,5079.370,4978.500,80390291780.000
2025-04-24,5045.200,4975.89,5064.650,4921.530,66668089773.000
2025-04-25,5037.910,4982.96,5082.970,4965.750,63451041216.000
2025-04-28,5011.610,4988.94,5016.250,4954.490,40824157350.000
2025-04-29,5022.300,5019.73,5089.210,4976.680,46244022588.000
2025-04-30,5030.080,5087.42,5091.460,4995.410,52275296528.000
2025-05-02,5112.090,5244.06,5264.910,5079.010,41460548570.000
2025-05-06,5243.060,5239.5,5269.040,5179.010,62572500003.000
2025-05-07,5382.090,5200.04,5396.540,5198.630,69598432388.000
2025-05-08,5185.700,5228.91,5293.570,5175.000,51694918789.000
2025-05-09,5225.600,5180.25,5225.600,5117.570,46586059377.000
2025-05-12,5291.670,5447.35,5500.890,5215.130,104469599583.000
2025-05-13,5431.610,5269.66,5431.610,5253.630,67996302495.000
2025-05-14,5352.680,5381.78,5396.460,5319.530,61670397111.000
2025-05-15,5374.160,5297.84,5398.950,5274.390,60711004584.000
2025-05-16,5247.340,5281.34,5299.160,5235.530,63664243000.000
2025-05-19,5227.540,5255.06,5282.030,5162.830,65667605165.000
2025-05-20,5266.610,5315.56,5337.210,5243.020,52154362814.000
2025-05-21,5330.250,5342.41,5373.360,5317.530,49590026078.000
2025-05-22,5336.470,5251.75,5344.690,5224.250,55365065797.000
2025-05-23,5255.490,5246.87,5310.470,5217.210,48595029466.000
2025-05-26,5229.960,5157.65,5233.970,5138.850,59224697910.000
2025-05-27,5130.900,5182.6,5192.200,5102.180,51858431004.000
2025-05-28,5209.460,5174.64,5218.620,5145.350,54933788074.000
2025-05-29,5177.620,5301.92,5320.360,5161.150,72041593229.000
2025-05-30,5234.930,5170.43,5235.130,5145.070,89970876859.000
2025-06-02,5101.670,5134.11,5137.060,5009.660,37386303967.000
2025-06-03,5162.050,5189.49,5215.650,5154.640,46080877851.000
2025-06-04,5171.780,5219.02,5249.970,5170.120,56397687803.000
2025-06-05,5269.580,5319.96,5321.980,5251.680,59507602308.000
2025-06-06,5327.040,5286.52,5327.040,5245.450,73893666829.000
2025-06-09,5337.750,5433.23,5457.590,5335.820,79509974272.000
2025-06-10,5455.630,5392.19,5455.630,5335.160,58575446292.000
2025-06-11,5403.960,5451.2,5484.630,5399.420,58370040392.000
2025-06-12,5389.560,5331.33,5405.400,5319.980,66212800800.000
2025-06-13,5280.570,5239.71,5314.560,5192.450,79237974268.000
2025-06-16,5207.610,5299.91,5328.200,5185.650,56338654895.000
2025-06-17,5314.090,5291.85,5339.130,5258.110,39436315781.000
2025-06-18,5261.420,5214.41,5261.420,5194.490,42782192142.000
2025-06-19,5187.070,5088.32,5196.760,5071.540,53247081624.000
2025-06-20,5103.670,5133.14,5133.140,5089.600,60346440014.000
2025-06-23,5077.860,5187.01,5189.030,5053.740,53826283009.000
2025-06-24,5236.950,5297.96,5326.630,5236.950,63835820793.000
2025-06-25,5345.490,5359.02,5393.060,5323.500,61130109941.000
2025-06-26,5331.290,5345.16,5381.720,5306.800,56826312291.000
2025-06-27,5363.680,5341.43,5393.990,5323.860,82438403150.000
2025-06-30,5351.990,5302.82,5380.490,5297.630,72244416587.000
2025-07-02,5359.670,5269.11,5362.180,5256.220,59264697437.000
2025-07-03,5277.100,5233.71,5279.690,5192.120,71220142585.000
2025-07-04,5194.330,5216.26,5277.860,5129.520,65227774768.000
2025-07-07,5192.470,5229.56,5236.090,5157.280,49664871604.000
2025-07-08,5244.310,5325.95,5328.530,5235.950,51397023020.000
2025-07-09,5300.650,5231.99,5300.650,5217.750,52873882437.000
2025-07-10,5218.310,5216.6,5240.130,5190.390,51014833240.000
2025-07-11,5202.210,5248.48,5328.930,5202.210,65040475334.000
2025-07-14,5240.480,5283.5,5298.200,5226.630,41775769063.000
2025-07-15,5297.890,5431.29,5435.940,5273.450,85094690561.000
2025-07-16,5479.440,5418.4,5531.270,5414.910,73509222984.000
2025-07-17,5417.480,5448.85,5471.470,5401.410,56562784299.000
2025-07-18,5520.070,5538.83,5550.490,5473.540,53620918169.000
2025-07-21,5604.060,5585.5,5604.060,5537.830,60414860540.000
2025-07-22,5589.820,5606.83,5613.470,5552.320,55250807294.000
2025-07-23,5675.950,5745.74,5759.510,5624.910,91382195856.000
2025-07-24,5730.800,5743.0,5802.880,5729.350,76450415498.000
2025-07-25,5713.590,5677.9,5713.590,5641.220,67021837548.000
2025-07-28,5699.070,5664.02,5705.040,5639.120,53042621726.000
2025-07-29,5631.560,5644.38,5649.420,5550.620,61879483520.000
2025-07-30,5540.850,5490.76,5591.710,5466.000,80731217970.000
2025-07-31,5458.800,5453.14,5519.440,5418.100,85313578087.000
2025-08-01,5447.960,5397.4,5489.830,5397.400,62848968094.000
2025-08-04,5361.980,5481.25,5489.990,5350.700,51969046177.000
2025-08-05,5489.470,5521.07,5521.070,5471.260,59698806093.000
2025-08-06,5503.810,5532.17,5545.810,5478.020,61247269045.000
2025-08-07,5546.840,5546.73,5571.930,5484.330,66999729694.000
2025-08-08,5500.850,5460.3,5509.050,5449.730,54911120514.000
2025-08-11,5470.920,5460.02,5477.510,5420.020,52363870321.000
2025-08-12,5427.810,5439.16,5459.430,5397.850,60699109442.000
2025-08-13,5490.460,5630.78,5630.780,5487.420,92308824243.000
2025-08-14,5669.470,5576.03,5669.470,5557.740,81966956667.000
2025-08-15,5509.090,5543.17,5546.760,5495.260,78354241967.000
2025-08-18,5565.540,5579.18,5671.340,5565.540,71412488173.000
2025-08-19,5592.300,5542.03,5594.970,5524.100,55738191444.000
2025-08-20,5500.580,5541.27,5561.760,5468.330,62346439317.000
2025-08-21,5539.650,5498.5,5539.650,5469.660,59300766360.000
2025-08-22,5553.030,5647.68,5649.620,5524.340,94580605217.000
2025-08-25,5731.700,5825.09,5847.950,5731.700,114611471590.000
2025-08-26,5780.950,5782.24,5853.850,5755.810,77194320235.000
2025-08-27,5814.330,5697.53,5856.400,5679.110,99131262851.000
2025-08-28,5641.280,5644.02,5675.840,5566.870,137987586702.000
2025-08-29,5689.240,5674.31,5734.520,5628.200,97603884581.000
2025-09-01,5792.250,5798.96,5820.390,5747.340,147123928661.000
2025-09-02,5792.840,5728.46,5798.760,5690.810,102283678185.000
2025-09-03,5785.330,5683.74,5799.780,5665.640,71420626468.000
2025-09-04,5725.640,5578.86,5725.980,5553.610,94587352937.000
2025-09-05,5602.560,5687.45,5709.740,5585.880,99496785390.000
2025-09-08,5693.990,5753.75,5766.430,5666.090,95153477191.000
2025-09-09,5786.760,5828.74,5863.490,5768.890,101348033972.000
2025-09-10,5869.810,5902.69,5957.480,5862.380,96218621545.000
2025-09-11,5845.380,5888.77,5931.550,5805.070,95805494403.000
2025-09-12,6004.740,5989.27,6042.610,5976.520,101641410244.000
2025-09-15,5982.400,6043.61,6077.710,5972.970,86343187797.000
2025-09-16,6070.770,6077.66,6116.900,6010.440,76171923394.000
2025-09-17,6133.100,6334.24,6351.520,6133.100,134475323324.000
2025-09-18,6334.320,6271.22,6461.040,6179.190,150645085464.000
2025-09-19,6298.910,6294.42,6367.980,6228.730,107466433427.000
2025-09-22,6251.880,6257.91,6284.500,6204.470,83829957903.000
2025-09-23,6271.360,6167.06,6274.090,6093.390,82250139276.000
2025-09-24,6133.640,6323.15,6331.860,6114.370,111342833018.000
2025-09-25,6314.740,6379.19,6448.640,6304.560,115317456298.000
2025-09-26,6317.600,6195.11,6357.430,6172.250,121595918397.000
2025-09-29,6236.690,6324.25,6338.740,6236.690,100895665177.000
2025-09-30,6345.960,6465.66,6475.920,6326.610,107277239006.000
2025-10-02,6483.220,6682.86,6715.460,6481.580,83782378864.000
2025-10-03,6653.260,6622.85,6665.560,6561.090,44494880963.000
2025-10-06,6548.800,6550.3,6604.600,6508.430,38920395985.000
2025-10-08,6543.400,6514.19,6543.400,6405.160,53194353393.000
2025-10-09,6540.810,6471.34,6605.730,6417.810,124024636737.000
2025-10-10,6380.880,6259.75,6380.880,6241.750,110082545446.000
2025-10-13,6107.650,6145.51,6199.160,5952.830,182845347247.000
2025-10-14,6180.080,5923.26,6205.980,5894.470,129197955160.000
2025-10-15,6000.900,6075.27,6095.180,5939.480,81614016034.000
2025-10-16,6066.470,6003.56,6094.720,5940.720,69378139208.000
2025-10-17,5999.480,5760.38,5999.480,5732.750,96648570328.000
2025-10-20,5984.800,5933.17,5984.800,5887.810,62867499434.000
2025-10-21,6042.070,6007.94,6115.000,5999.000,75525056848.000
2025-10-22,5958.630,5923.09,5979.510,5867.120,51485606826.000
2025-10-23,5882.920,5951.45,5992.660,5818.470,65076524538.000
2025-10-24,6032.410,6059.89,6066.360,5994.590,72394615289.000
2025-10-27,6184.650,6171.08,6184.740,6098.810,86510453319.000
2025-10-28,6198.680,6093.44,6198.680,6070.050,72825377108.000
2025-10-30,6125.630,6051.76,6162.470,5991.080,103914009894.000
2025-10-31,6012.570,5908.08,6014.490,5908.080,74140516699.000
2025-11-03,5936.280,5922.48,5948.840,5855.160,60961416865.000
2025-11-04,5911.070,5818.29,5961.020,5798.750,66260699515.000
2025-11-05,5716.540,5785.85,5805.550,5651.150,64759117249.000
2025-11-06,5822.190,5944.22,5955.130,5792.950,66676491939.000
2025-11-07,5894.980,5837.36,5899.500,5817.640,58914080546.000
2025-11-10,5858.410,5915.56,5924.480,5803.220,55927121510.000
2025-11-11,5962.020,5924.39,5970.680,5856.720,62342946830.000
2025-11-12,5939.690,5933.99,5973.600,5876.720,65229937797.000
2025-11-13,5885.220,5981.3,6025.530,5869.960,76021235108.000
2025-11-14,5848.480,5812.8,5907.940,5795.800,72024524535.000
2025-11-17,5771.510,5756.88,5834.380,5721.830,64438227843.000
2025-11-18,5684.810,5645.73,5739.130,5613.990,76307390315.000
2025-11-19,5666.890,5606.9,5688.050,5579.310,67980862041.000
2025-11-20,5646.280,5574.59,5660.530,5510.110,67271514545.000
2025-11-21,5451.510,5395.49,5475.450,5361.740,93835646895.000
2025-11-24,5456.610,5545.56,5565.530,5410.070,105370547105.000
2025-11-25,5624.610,5612.03,5671.550,5559.130,79410314786.000
2025-11-26,5649.770,5618.36,5669.580,5609.860,71699093908.000
2025-11-27,5613.000,5598.05,5679.450,5587.740,62995289808.000
2025-11-28,5622.360,5599.11,5631.270,5571.310,43084062289.000
2025-12-01,5611.020,5644.76,5666.280,5584.960,57413653852.000
2025-12-02,5687.490,5624.04,5689.060,5596.500,55248319734.000
2025-12-03,5595.530,5534.92,5600.880,5524.250,43793724411.000
2025-12-04,5546.300,5615.43,5643.230,5501.880,54923335459.000
2025-12-05,5592.190,5662.46,5686.010,5552.030,66308069713.000
2025-12-08,5666.990,5662.55,5706.540,5644.670,58172733585.000
2025-12-09,5656.070,5554.68,5668.240,5543.830,55124211903.000
2025-12-10,5552.350,5581.1,5582.960,5502.170,50222939744.000
2025-12-11,5611.930,5534.59,5626.770,5516.210,46454565390.000
2025-12-12,5591.150,5638.05,5649.280,5549.640,76466809328.000
2025-12-15,5562.670,5498.42,5582.460,5494.310,56964428498.000
2025-12-16,5467.760,5402.51,5480.590,5348.310,60849568063.000
2025-12-17,5407.360,5457.95,5479.990,5381.730,46661775254.000
2025-12-18,5397.340,5418.29,5432.900,5367.130,38857690156.000
2025-12-19,5461.920,5479.04,5505.140,5432.410,58802978937.000
2025-12-22,5512.540,5526.83,5552.720,5498.850,50260953683.000
2025-12-23,5534.540,5488.89,5534.540,5466.630,42566288447.000
2025-12-24,5492.830,5499.3,5523.280,5484.110,24945366320.000
2025-12-29,5547.790,5483.01,5619.630,5483.010,60028279354.000
2025-12-30,5503.610,5578.38,5597.870,5503.610,50666770387.000
2025-12-31,5566.240,5515.98,5581.970,5493.150,30355295889.000
2026-01-02,5547.850,5736.44,5753.280,5530.990,43962060098.000
2026-01-05,5755.280,5741.63,5786.600,5707.730,82634626954.000
2026-01-06,5787.010,5825.26,5875.320,5784.540,84328127771.000
2026-01-07,5809.010,5738.52,5810.830,5687.010,83189034149.000
2026-01-08,5713.530,5678.34,5713.530,5614.590,75426914724.000
2026-01-09,5699.970,5687.14,5737.220,5661.280,69318209451.000
2026-01-12,5737.430,5863.2,5863.610,5698.160,103760083785.000
2026-01-13,5976.220,5869.79,6001.020,5827.580,94924117833.000
2026-01-14,5894.630,5908.26,5965.610,5837.530,122315499462.000
2026-01-15,5875.780,5828.35,5903.230,5788.090,96913582207.000
2026-01-16,5883.370,5822.18,5894.760,5791.760,74580099209.000
2026-01-19,5777.070,5749.98,5803.510,5741.510,56486544730.000
2026-01-20,5737.110,5683.44,5762.890,5662.190,66323035250.000
2026-01-21,5643.620,5746.3,5783.730,5641.330,66229982115.000
2026-01-22,5795.000,5762.44,5807.160,5712.750,63998439594.000
2026-01-23,5817.510,5798.01,5822.780,5757.290,61428498984.000
2026-01-26,5801.150,5725.99,5801.150,5686.470,57207119791.000
2026-01-27,5734.900,5754.72,5769.030,5682.780,59064648644.000
2026-01-28,5786.660,5900.16,5901.320,5772.670,81991126514.000
2026-01-29,5853.590,5841.1,5898.720,5805.600,71317328763.000
2026-01-30,5789.490,5718.18,5801.100,5716.520,63064291305.000
2026-02-02,5644.380,5526.31,5644.380,5470.010,87093258351.000
2026-02-03,5563.790,5467.26,5579.300,5338.500,103256195478.000
2026-02-04,5419.930,5366.44,5432.470,5320.720,90066932280.000
2026-02-05,5295.890,5406.13,5421.740,5267.630,103464696577.000
2026-02-06,5275.120,5346.2,5397.320,5275.120,67456931307.000
2026-02-09,5447.630,5417.6,5459.900,5392.320,60121464311.000
2026-02-10,5461.960,5451.03,5522.500,5441.480,60028435622.000
2026-02-11,5462.700,5499.99,5521.810,5450.210,57788068020.000
2026-02-12,5474.250,5408.98,5476.480,5393.120,71230296006.000
2026-02-13,5323.140,5360.42,5381.690,5310.840,66609338920.000
2026-02-16,5350.250,5367.52,5368.230,5253.640,21227798494.000
2026-02-20,5330.610,5211.5,5341.720,5211.500,45370866847.000
2026-02-23,5303.500,5385.35,5420.960,5303.500,46831547360.000
2026-02-24,5330.260,5270.7,5330.260,5239.690,68862265949.000
2026-02-25,5316.090,5260.5,5325.580,5252.200,51907682122.000
2026-02-26,5284.510,5109.33,5284.510,5109.330,67351913146.000
2026-02-27,5117.240,5137.84,5185.260,5100.170,71456587571.000
2026-03-02,5046.400,4989.37,5088.250,4966.850,84837790320.000
2026-03-03,5018.400,4876.53,5031.420,4859.540,71908918172.000
2026-03-04,4816.200,4829.5,4881.690,4750.180,80209600800.000
2026-03-05,4907.050,4796.33,4916.240,4769.920,63925307400.000
2026-03-06,4818.810,4947.5,4977.080,4798.230,84330606221.000
2026-03-09,4760.160,4941.73,4947.490,4760.160,74213814521.000
2026-03-10,5040.800,5060.53,5060.530,4960.790,77433794445.000
2026-03-11,5104.580,5054.85,5124.550,5035.900,65540663493.000
2026-03-12,5024.530,5027.64,5088.590,4973.320,46553641057.000
2026-03-13,5006.290,4978.08,5046.290,4963.020,43982217361.000
2026-03-16,4988.470,5111.78,5127.250,4935.850,59203280837.000
2026-03-17,5137.330,5107.64,5232.330,5094.320,59397989404.000
2026-03-18,5112.970,5108.3,5136.020,5053.740,56697428065.000
2026-03-19,5000.990,4996.28,5069.240,4981.920,88265899369.000
2026-03-20,4948.040,4872.38,4997.700,4835.870,86915949276.000
2026-03-23,4780.040,4712.48,4806.610,4657.550,82887354903.000
2026-03-24,4773.580,4830.89,4840.610,4693.490,60000377336.000
2026-03-25,4878.640,4922.94,4955.470,4806.720,95584643243.000
2026-03-26,4889.550,4761.54,4902.420,4745.550,68379997392.000
2026-03-27,4740.780,4778.01,4836.780,4722.500,53142656600.000
2026-03-30,4645.260,4690.08,4727.420,4619.670,61094921799.000
2026-03-31,4693.610,4649.82,4742.040,4623.650,52205758956.000
2026-04-01,4777.670,4756.45,4792.650,4708.890,55289430605.000
2026-04-02,4732.950,4679.1,4742.780,4629.150,52899535356.000
2026-04-08,4817.010,4923.25,4930.670,4809.800,96068510823.000
2026-04-09,4868.390,4821.67,4889.890,4809.960,52618598176.000
2026-04-10,4844.150,4860.26,4935.970,4844.140,55192503783.000
2026-04-13,4826.860,4822.01,4843.990,4791.860,43252800463.000
2026-04-14,4888.220,4851.96,4900.490,4801.900,42580140232.000
2026-04-15,4961.500,4911.79,4973.430,4905.580,53189706913.000
2026-04-16,4976.170,5092.08,5095.760,4976.170,66005946886.000
2026-04-17,5055.580,5042.68,5072.380,5000.840,45328665676.000
2026-04-20,5059.580,5065.63,5103.030,5020.200,52707205537.000
2026-04-21,5092.530,5061.5,5092.530,5017.390,33431105440.000
2026-04-22,5009.760,4963.94,5009.760,4940.090,47650884440.000
2026-04-23,4962.080,4865.52,4962.080,4846.090,49837762113.000
2026-04-24,4826.620,4902.2,4911.680,4775.590,61939137604.000
2026-04-27,4929.580,4939.84,4975.230,4900.520,69893512340.000
2026-04-28,4923.780,4827.19,4934.760,4813.560,58607410510.000
2026-04-29,4878.970,4910.02,4918.700,4851.530,55163953450.000
2026-04-30,4876.720,4871.32,4897.390,4823.750,77837351405.000
2026-05-04,4948.430,4976.7,5053.480,4948.430,45770829862.000
2026-05-05,4949.120,4929.68,4949.120,4859.440,26307572464.000
2026-05-06,4971.690,4969.2,5026.760,4924.430,89818529191.000
2026-05-07,5089.110,5121.1,5137.850,5070.300,87561934641.000
2026-05-08,5079.770,5102.79,5122.910,5047.170,66705369448.000
2026-05-11,5078.360,5106.4,5119.330,5055.720,72080880288.000
2026-05-12,5129.540,5070.61,5141.490,5059.580,63019317466.000
2026-05-13,5055.410,5093.85,5122.260,5017.710,65842200035.000
2026-05-14,5258.560,5076.2,5258.560,5074.020,90184986607.000
2026-05-15,5069.460,4941.14,5069.460,4910.760,74128005113.000
2026-05-18,4897.710,4844.94,4897.710,4804.870,67268316743.000
2026-05-19,4838.360,4857.46,4880.530,4812.670,61698848404.000
2026-05-20,4840.610,4873.82,4892.190,4819.850,68310323611.000
2026-05-21,4924.690,4768.9,4936.310,4756.150,86779019720.000
2026-05-22,4843.950,4869.57,4882.230,4797.920,77595697284.000
2026-05-26,4962.220,4946.88,4986.840,4874.200,114927455197.000
2026-05-27,4979.630,4907.57,5009.000,4888.210,84889740614.000
2026-05-28,4895.280,4888.58,4910.260,4814.980,106549763602.000
2026-05-29,4939.910,4884.23,4980.780,4867.560,133086622365.000
2026-06-01,4894.940,4964.92,5015.940,4894.940,85812833664.000
2026-06-02,4995.830,5199.28,5203.110,4995.830,134825714461.000
2026-06-03,5162.810,5056.97,5162.810,5042.330,90899167291.000
2026-06-04,4994.940,4975.36,5014.480,4962.910,64433774460.000
2026-06-05,4959.930,4888.39,4969.030,4872.390,83864228109.000
2026-06-08,4769.690,4755.91,4821.140,4709.440,82124102025.000
2026-06-09,4743.520,4769.61,4828.790,4738.260,66781584094.000
2026-06-10,4751.500,4724.79,4773.360,4660.870,83224012540.000
2026-06-11,4715.420,4655.74,4734.190,4590.900,69447302309.000
2026-06-12,4713.290,4705.2,4750.600,4677.130,65436688760.000
2026-06-15,4788.830,4765.58,4794.670,4737.970,63480357994.000
2026-06-16,4765.490,4658.65,4765.490,4639.810,55634864531.000
2026-06-17,4636.780,4669.07,4681.190,4617.490,58327254831.000
2026-06-18,4628.070,4604.35,4639.360,4567.280,99416651845.000
2026-06-22,4595.070,4549.41,4595.070,4513.970,89825552972.000
2026-06-23,4551.450,4399.22,4559.590,4380.760,86494458593.000
2026-06-24,4420.410,4479.02,4543.670,4411.910,91966165840.000
2026-06-25,4497.270,4405.92,4497.270,4353.160,80254125765.000
2026-06-26,4371.540,4255.59,4371.540,4229.940,84678475505.000
2026-06-29,4323.560,4393.01,4431.390,4320.850,83501031533.000
2026-06-30,4416.680,4472.23,4495.050,4401.680,84965332723.000
2026-07-02,4528.240,4454.28,4583.100,4434.250,93337282058.000
2026-07-03,4487.980,4499.0,4558.090,4480.580,73020464953.000
2026-07-06,4523.930,4541.23,4565.980,4456.140,81462429544.000
2026-07-07,4524.420,4507.04,4651.790,4486.910,110103530195.000
2026-07-08,4525.770,4731.02,4774.200,4525.770,140456880834.000
2026-07-09,4744.970,4731.56,4832.000,4678.800,133855376226.000
2026-07-10,4790.510,4721.66,4862.220,4705.370,104802934970.000
2026-07-13,4719.680,4676.43,4798.850,4651.990,89817266711.000
2026-07-14,4664.610,4679.46,4706.840,4573.100,90973180701.000
2026-07-15,4716.180,4740.49,4776.560,4665.980,83360401935.000
2026-07-16,4747.510,4834.44,4911.480,4747.510,108768049336.000
2026-07-17,4832.070,4623.17,4846.950,4570.390,115509379524.000
2026-07-20,4724.790,4752.15,4790.700,4702.720,85644554433.000
2026-07-21,4755.660,4814.83,4844.100,4730.150,88254057397.000
2026-07-22,4780.490,4668.23,4780.490,4644.330,99869566296.000
2026-07-23,4677.680,4698.48,4723.850,4623.200,58348975117.000
2026-07-24,4611.130,4629.51,4653.920,4596.510,57982355135.000
2026-07-27,4647.300,4702.05,4726.300,4623.510,5716595.0632
